38:17:c3:26:11:e2,38:17:c3:26:11:f0,38:17:c3:26:11:f1,38:17:c3:26:11:f2,38:17:c3:26:20:82,38:17:c3:26:20:83,38:17:c3:26:20:84,38:17:c3:26:20:92,38:17:c3:26:20:93,38:17:c3:26:20:94,38:17:c3:26:38:e0,38:17:c3:26:38:e1,38:17:c3:26:38:e2,38:17:c3:26:38:f0,38:17:c3:26:38:f1,38:17:c3:26:38:f2,38:17:c3:26:49:f0,38:17:c3:26:49:f1,38:17:c3:26:49:f2,40:e3:d6:24:25:22,40:e3:d6:24:25:23,b0:b8:67:3a:47:02,b0:b8:67:3a:47:03,b0:b8:67:3a:47:04,d0:d3:e0:ae:a5:40,d0:d3:e0:ae:a5:41,d0:d3:e0:ae:a5:42,d0:d3:e0:ae:a5:50,d0:d3:e0:ae:a5:51,d0:d3:e0:ae:a5:52,d0:d3:e0:b1:c0:e2,d0:d3:e0:b1:c0:e3,d0:d3:e0:b1:c0:e4,d0:d3:e0:b1:c0:f2,d0:d3:e0:b1:c0:f3,d0:d3:e0:b1:c0:f4,label,38:17:c3:26:11:e0,38:17:c3:26:11:e1,00:4e:35:de:b4:02,00:4e:35:de:b4:03,00:4e:35:de:b4:04,38:17:c3:26:49:e0,38:17:c3:26:49:e1,00:4e:35:de:b4:12,00:4e:35:de:b4:13,00:4e:35:de:b4:14,38:17:c3:26:49:e2,b4:5d:50:e1:95:f0,b4:5d:50:e1:95:f1,b4:5d:50:e1:95:f2,00:4e:35:de:c4:40,00:4e:35:de:c4:41,00:4e:35:de:c4:42,00:4e:35:df:0e:81,40:e3:d6:24:25:32,40:e3:d6:24:25:33,7c:10:c9:31:83:4c,00:4e:35:de:c4:51,00:4e:35:de:c4:52,38:17:c3:25:f4:32,38:17:c3:25:f4:33,ea:9e:b4:23:c3:f9,x,y
-57.0,-55,-57,-57,-83.0,-100.0,-100.0,-84.0,-83.0,-83.0,-66.0,-66.0,-65.0,-64.0,-63.0,-63.0,-87.0,-86.0,-87.0,-89.0,-89.0,-100.0,-100.0,-100.0,-88.0,-91.0,-88.0,-90.0,-89.0,-90.0,-100.0,-100.0,-100.0,-100.0,-100.0,-100.0,0,-57.0,-57.0,-87.0,-89.0,-87.0,-91.0,-100.0,-100.0,-100.0,-100.0,-100.0,-100.0,-100.0,-100.0,-100.0,-100.0,-100.0,-100.0,-100.0,-100.0,-100.0,-100.0,-100.0,-100.0,-100.0,-100.0,542,187
-57.0,-55,-57,-57,-83.0,-100.0,-100.0,-83.0,-83.0,-83.0,-63.0,-63.0,-63.0,-56.0,-55.0,-55.0,-86.0,-86.0,-87.0,-88.0,-91.0,-100.0,-100.0,-100.0,-100.0,-100.0,-89.0,-88.0,-88.0,-88.0,-100.0,-100.0,-100.0,-100.0,-100.0,-100.0,0,-57.0,-57.0,-100.0,-92.0,-100.0,-91.0,-100.0,-100.0,-100.0,-100.0,-100.0,-100.0,-100.0,-100.0,-100.0,-100.0,-100.0,-100.0,-100.0,-100.0,-100.0,-100.0,-100.0,-100.0,-100.0,-100.0,542,187
-57.0,-55,-57,-57,-83.0,-100.0,-100.0,-83.0,-83.0,-83.0,-63.0,-63.0,-63.0,-56.0,-55.0,-55.0,-86.0,-86.0,-87.0,-88.0,-91.0,-100.0,-100.0,-100.0,-100.0,-100.0,-89.0,-88.0,-88.0,-88.0,-100.0,-100.0,-100.0,-100.0,-100.0,-100.0,0,-57.0,-57.0,-100.0,-92.0,-100.0,-91.0,-100.0,-100.0,-100.0,-100.0,-100.0,-100.0,-100.0,-100.0,-100.0,-100.0,-100.0,-100.0,-100.0,-100.0,-100.0,-100.0,-100.0,-100.0,-100.0,-100.0,542,187
-66.0,-63,-64,-64,-81.0,-80.0,-83.0,-86.0,-85.0,-85.0,-65.0,-65.0,-58.0,-61.0,-60.0,-62.0,-87.0,-87.0,-87.0,-89.0,-88.0,-100.0,-100.0,-100.0,-100.0,-87.0,-90.0,-100.0,-91.0,-90.0,-100.0,-100.0,-100.0,-100.0,-100.0,-100.0,1,-66.0,-66.0,-87.0,-87.0,-87.0,-86.0,-86.0,-92.0,-91.0,-90.0,-86.0,-100.0,-100.0,-100.0,-100.0,-100.0,-100.0,-100.0,-100.0,-100.0,-100.0,-100.0,-100.0,-100.0,-100.0,-100.0,542,187
-66.0,-63,-64,-64,-81.0,-80.0,-83.0,-86.0,-85.0,-85.0,-65.0,-65.0,-58.0,-61.0,-60.0,-62.0,-87.0,-87.0,-87.0,-89.0,-88.0,-100.0,-100.0,-100.0,-100.0,-87.0,-90.0,-100.0,-91.0,-90.0,-100.0,-100.0,-100.0,-100.0,-100.0,-100.0,1,-66.0,-66.0,-87.0,-87.0,-87.0,-86.0,-86.0,-92.0,-91.0,-90.0,-86.0,-100.0,-100.0,-100.0,-100.0,-100.0,-100.0,-100.0,-100.0,-100.0,-100.0,-100.0,-100.0,-100.0,-100.0,-100.0,542,187
-66.0,-63,-64,-64,-81.0,-80.0,-83.0,-86.0,-85.0,-85.0,-65.0,-65.0,-58.0,-61.0,-60.0,-62.0,-87.0,-87.0,-87.0,-89.0,-88.0,-100.0,-100.0,-100.0,-100.0,-87.0,-90.0,-100.0,-91.0,-90.0,-100.0,-100.0,-100.0,-100.0,-100.0,-100.0,1,-66.0,-66.0,-87.0,-87.0,-87.0,-86.0,-86.0,-92.0,-91.0,-90.0,-86.0,-100.0,-100.0,-100.0,-100.0,-100.0,-100.0,-100.0,-100.0,-100.0,-100.0,-100.0,-100.0,-100.0,-100.0,-100.0,542,187
-57.0,-55,-57,-57,-83.0,-100.0,-100.0,-83.0,-83.0,-83.0,-63.0,-63.0,-63.0,-56.0,-55.0,-55.0,-86.0,-86.0,-87.0,-88.0,-91.0,-100.0,-100.0,-100.0,-100.0,-100.0,-89.0,-88.0,-88.0,-88.0,-100.0,-100.0,-100.0,-100.0,-100.0,-100.0,1,-57.0,-57.0,-100.0,-92.0,-100.0,-91.0,-100.0,-100.0,-100.0,-100.0,-100.0,-100.0,-100.0,-100.0,-100.0,-100.0,-100.0,-100.0,-100.0,-100.0,-100.0,-100.0,-100.0,-100.0,-100.0,-100.0,542,206
-77.0,-78,-80,-79,-65.0,-67.0,-66.0,-66.0,-68.0,-66.0,-72.0,-75.0,-74.0,-69.0,-71.0,-72.0,-85.0,-84.0,-83.0,-88.0,-87.0,-100.0,-100.0,-100.0,-68.0,-68.0,-68.0,-76.0,-76.0,-77.0,-100.0,-100.0,-85.0,-89.0,-89.0,-88.0,2,-71.0,-70.0,-100.0,-100.0,-100.0,-100.0,-100.0,-100.0,-100.0,-100.0,-100.0,-100.0,-100.0,-100.0,-100.0,-100.0,-100.0,-100.0,-100.0,-100.0,-100.0,-100.0,-100.0,-100.0,-100.0,-100.0,542,206
-66.0,-63,-64,-64,-81.0,-80.0,-83.0,-86.0,-85.0,-85.0,-65.0,-65.0,-58.0,-61.0,-60.0,-62.0,-87.0,-87.0,-87.0,-89.0,-88.0,-100.0,-100.0,-100.0,-100.0,-87.0,-90.0,-100.0,-91.0,-90.0,-100.0,-100.0,-100.0,-100.0,-100.0,-100.0,2,-66.0,-66.0,-87.0,-87.0,-87.0,-86.0,-86.0,-92.0,-91.0,-90.0,-86.0,-100.0,-100.0,-100.0,-100.0,-100.0,-100.0,-100.0,-100.0,-100.0,-100.0,-100.0,-100.0,-100.0,-100.0,-100.0,542,206
-66.0,-63,-64,-64,-81.0,-80.0,-83.0,-86.0,-85.0,-85.0,-65.0,-65.0,-58.0,-61.0,-60.0,-62.0,-87.0,-87.0,-87.0,-89.0,-88.0,-100.0,-100.0,-100.0,-100.0,-87.0,-90.0,-100.0,-91.0,-90.0,-100.0,-100.0,-100.0,-100.0,-100.0,-100.0,2,-66.0,-66.0,-87.0,-87.0,-87.0,-86.0,-86.0,-92.0,-91.0,-90.0,-86.0,-100.0,-100.0,-100.0,-100.0,-100.0,-100.0,-100.0,-100.0,-100.0,-100.0,-100.0,-100.0,-100.0,-100.0,-100.0,542,206
-66.0,-63,-64,-64,-81.0,-80.0,-83.0,-86.0,-85.0,-85.0,-65.0,-65.0,-58.0,-61.0,-60.0,-62.0,-87.0,-87.0,-87.0,-89.0,-88.0,-100.0,-100.0,-100.0,-100.0,-87.0,-90.0,-100.0,-91.0,-90.0,-100.0,-100.0,-100.0,-100.0,-100.0,-100.0,2,-66.0,-66.0,-87.0,-87.0,-87.0,-86.0,-86.0,-92.0,-91.0,-90.0,-86.0,-100.0,-100.0,-100.0,-100.0,-100.0,-100.0,-100.0,-100.0,-100.0,-100.0,-100.0,-100.0,-100.0,-100.0,-100.0,542,206
-64.0,-66,-66,-66,-86.0,-83.0,-100.0,-92.0,-92.0,-91.0,-66.0,-65.0,-65.0,-67.0,-62.0,-68.0,-88.0,-88.0,-88.0,-90.0,-88.0,-100.0,-100.0,-100.0,-92.0,-87.0,-90.0,-91.0,-91.0,-89.0,-100.0,-100.0,-100.0,-100.0,-100.0,-100.0,3,-64.0,-64.0,-87.0,-87.0,-88.0,-100.0,-87.0,-93.0,-91.0,-90.0,-87.0,-100.0,-100.0,-100.0,-100.0,-100.0,-100.0,-100.0,-100.0,-100.0,-100.0,-100.0,-100.0,-100.0,-100.0,-100.0,542,225
-65.0,-64,-65,-64,-82.0,-82.0,-83.0,-86.0,-85.0,-85.0,-65.0,-65.0,-65.0,-62.0,-60.0,-63.0,-87.0,-87.0,-87.0,-90.0,-88.0,-100.0,-100.0,-100.0,-100.0,-87.0,-90.0,-90.0,-91.0,-89.0,-100.0,-100.0,-100.0,-100.0,-100.0,-100.0,3,-65.0,-65.0,-87.0,-87.0,-87.0,-86.0,-87.0,-92.0,-91.0,-90.0,-86.0,-100.0,-100.0,-100.0,-100.0,-100.0,-100.0,-100.0,-100.0,-100.0,-100.0,-100.0,-100.0,-100.0,-100.0,-100.0,542,225
-64.0,-66,-66,-66,-86.0,-83.0,-100.0,-92.0,-92.0,-91.0,-66.0,-65.0,-65.0,-67.0,-62.0,-68.0,-88.0,-88.0,-88.0,-90.0,-88.0,-100.0,-100.0,-100.0,-92.0,-87.0,-90.0,-91.0,-91.0,-89.0,-100.0,-100.0,-100.0,-100.0,-100.0,-100.0,3,-64.0,-64.0,-87.0,-87.0,-88.0,-100.0,-87.0,-93.0,-91.0,-90.0,-87.0,-100.0,-100.0,-100.0,-100.0,-100.0,-100.0,-100.0,-100.0,-100.0,-100.0,-100.0,-100.0,-100.0,-100.0,-100.0,542,225
-64.0,-66,-66,-66,-86.0,-83.0,-100.0,-92.0,-92.0,-91.0,-66.0,-65.0,-65.0,-67.0,-62.0,-68.0,-88.0,-88.0,-88.0,-90.0,-88.0,-100.0,-100.0,-100.0,-92.0,-87.0,-90.0,-91.0,-91.0,-89.0,-100.0,-100.0,-100.0,-100.0,-100.0,-100.0,3,-64.0,-64.0,-87.0,-87.0,-88.0,-100.0,-87.0,-93.0,-91.0,-90.0,-87.0,-100.0,-100.0,-100.0,-100.0,-100.0,-100.0,-100.0,-100.0,-100.0,-100.0,-100.0,-100.0,-100.0,-100.0,-100.0,542,225
-64.0,-66,-66,-66,-86.0,-83.0,-100.0,-92.0,-92.0,-91.0,-66.0,-65.0,-65.0,-67.0,-62.0,-68.0,-88.0,-88.0,-88.0,-90.0,-88.0,-100.0,-100.0,-100.0,-92.0,-87.0,-90.0,-91.0,-91.0,-89.0,-100.0,-100.0,-100.0,-100.0,-100.0,-100.0,4,-64.0,-64.0,-87.0,-87.0,-88.0,-100.0,-87.0,-93.0,-91.0,-90.0,-87.0,-100.0,-100.0,-100.0,-100.0,-100.0,-100.0,-100.0,-100.0,-100.0,-100.0,-100.0,-100.0,-100.0,-100.0,-100.0,542,225
-77.0,-78,-79,-78,-66.0,-67.0,-65.0,-65.0,-66.0,-64.0,-72.0,-72.0,-61.0,-69.0,-71.0,-72.0,-85.0,-84.0,-83.0,-89.0,-87.0,-100.0,-100.0,-100.0,-68.0,-67.0,-68.0,-75.0,-75.0,-75.0,-100.0,-100.0,-100.0,-90.0,-92.0,-90.0,4,-71.0,-70.0,-100.0,-100.0,-100.0,-100.0,-100.0,-100.0,-100.0,-100.0,-100.0,-100.0,-100.0,-100.0,-100.0,-100.0,-100.0,-100.0,-100.0,-100.0,-100.0,-100.0,-100.0,-100.0,-100.0,-100.0,542,225
-64.0,-69,-69,-69,-86.0,-80.0,-100.0,-84.0,-84.0,-83.0,-66.0,-65.0,-65.0,-65.0,-66.0,-67.0,-89.0,-89.0,-89.0,-90.0,-88.0,-100.0,-100.0,-100.0,-87.0,-84.0,-87.0,-91.0,-90.0,-89.0,-100.0,-100.0,-100.0,-100.0,-100.0,-100.0,4,-65.0,-64.0,-100.0,-100.0,-100.0,-100.0,-100.0,-100.0,-100.0,-100.0,-100.0,-100.0,-100.0,-100.0,-100.0,-100.0,-100.0,-100.0,-100.0,-100.0,-100.0,-100.0,-100.0,-100.0,-100.0,-89.0,542,225
-64.0,-66,-66,-66,-86.0,-83.0,-100.0,-92.0,-92.0,-91.0,-66.0,-65.0,-65.0,-67.0,-62.0,-68.0,-88.0,-88.0,-88.0,-90.0,-88.0,-100.0,-100.0,-100.0,-92.0,-87.0,-90.0,-91.0,-91.0,-89.0,-100.0,-100.0,-100.0,-100.0,-100.0,-100.0,4,-64.0,-64.0,-87.0,-87.0,-88.0,-100.0,-87.0,-93.0,-91.0,-90.0,-87.0,-100.0,-100.0,-100.0,-100.0,-100.0,-100.0,-100.0,-100.0,-100.0,-100.0,-100.0,-100.0,-100.0,-100.0,-100.0,542,225
-71.0,-72,-72,-72,-81.0,-75.0,-100.0,-78.0,-78.0,-78.0,-67.0,-66.0,-67.0,-63.0,-66.0,-67.0,-92.0,-91.0,-89.0,-90.0,-90.0,-100.0,-100.0,-100.0,-84.0,-84.0,-83.0,-89.0,-89.0,-88.0,-100.0,-100.0,-100.0,-100.0,-100.0,-100.0,5,-70.0,-71.0,-100.0,-100.0,-100.0,-100.0,-100.0,-100.0,-100.0,-100.0,-100.0,-100.0,-100.0,-100.0,-92.0,-100.0,-92.0,-100.0,-100.0,-100.0,-100.0,-100.0,-100.0,-100.0,-100.0,-89.0,542,244
-67.0,-70,-70,-70,-100.0,-75.0,-100.0,-81.0,-80.0,-80.0,-66.0,-65.0,-65.0,-63.0,-66.0,-67.0,-90.0,-90.0,-89.0,-100.0,-100.0,-100.0,-100.0,-100.0,-85.0,-84.0,-83.0,-91.0,-91.0,-89.0,-100.0,-100.0,-100.0,-100.0,-100.0,-100.0,5,-67.0,-67.0,-100.0,-100.0,-100.0,-100.0,-100.0,-100.0,-100.0,-100.0,-100.0,-100.0,-100.0,-100.0,-100.0,-100.0,-100.0,-100.0,-100.0,-100.0,-100.0,-100.0,-100.0,-100.0,-100.0,-89.0,542,244
-64.0,-69,-69,-69,-86.0,-80.0,-100.0,-84.0,-84.0,-83.0,-66.0,-65.0,-65.0,-65.0,-66.0,-67.0,-89.0,-89.0,-89.0,-90.0,-88.0,-100.0,-100.0,-100.0,-87.0,-84.0,-87.0,-91.0,-90.0,-89.0,-100.0,-100.0,-100.0,-100.0,-100.0,-100.0,5,-65.0,-64.0,-100.0,-100.0,-100.0,-100.0,-100.0,-100.0,-100.0,-100.0,-100.0,-100.0,-100.0,-100.0,-100.0,-100.0,-100.0,-100.0,-100.0,-100.0,-100.0,-100.0,-100.0,-100.0,-100.0,-89.0,542,244
-67.0,-70,-70,-70,-100.0,-75.0,-100.0,-81.0,-80.0,-80.0,-66.0,-65.0,-65.0,-63.0,-66.0,-67.0,-90.0,-90.0,-89.0,-100.0,-100.0,-100.0,-100.0,-100.0,-85.0,-84.0,-83.0,-91.0,-91.0,-89.0,-100.0,-100.0,-100.0,-100.0,-100.0,-100.0,5,-67.0,-67.0,-100.0,-100.0,-100.0,-100.0,-100.0,-100.0,-100.0,-100.0,-100.0,-100.0,-100.0,-100.0,-100.0,-100.0,-100.0,-100.0,-100.0,-100.0,-100.0,-100.0,-100.0,-100.0,-100.0,-89.0,542,244
-71.0,-72,-72,-72,-81.0,-75.0,-100.0,-78.0,-78.0,-78.0,-67.0,-66.0,-67.0,-63.0,-66.0,-67.0,-92.0,-91.0,-89.0,-90.0,-90.0,-100.0,-100.0,-100.0,-84.0,-84.0,-83.0,-89.0,-89.0,-88.0,-100.0,-100.0,-100.0,-100.0,-100.0,-100.0,6,-70.0,-71.0,-100.0,-100.0,-100.0,-100.0,-100.0,-100.0,-100.0,-100.0,-100.0,-100.0,-100.0,-100.0,-92.0,-100.0,-92.0,-100.0,-100.0,-100.0,-100.0,-100.0,-100.0,-100.0,-100.0,-89.0,542,244
-71.0,-72,-72,-72,-81.0,-75.0,-100.0,-78.0,-78.0,-78.0,-67.0,-66.0,-67.0,-63.0,-66.0,-67.0,-92.0,-91.0,-89.0,-90.0,-90.0,-100.0,-100.0,-100.0,-84.0,-84.0,-83.0,-89.0,-89.0,-88.0,-100.0,-100.0,-100.0,-100.0,-100.0,-100.0,6,-70.0,-71.0,-100.0,-100.0,-100.0,-100.0,-100.0,-100.0,-100.0,-100.0,-100.0,-100.0,-100.0,-100.0,-92.0,-100.0,-92.0,-100.0,-100.0,-100.0,-100.0,-100.0,-100.0,-100.0,-100.0,-89.0,542,244
-86.0,-84,-85,-85,-68.0,-68.0,-67.0,-64.0,-66.0,-65.0,-84.0,-88.0,-88.0,-85.0,-82.0,-83.0,-92.0,-92.0,-90.0,-89.0,-87.0,-100.0,-100.0,-100.0,-68.0,-68.0,-68.0,-74.0,-74.0,-75.0,-87.0,-87.0,-85.0,-89.0,-88.0,-88.0,6,-100.0,-100.0,-100.0,-100.0,-100.0,-100.0,-100.0,-100.0,-100.0,-100.0,-100.0,-100.0,-100.0,-100.0,-100.0,-100.0,-100.0,-100.0,-100.0,-100.0,-100.0,-100.0,-100.0,-100.0,-100.0,-100.0,542,262
-78.0,-77,-77,-76,-80.0,-79.0,-76.0,-76.0,-77.0,-77.0,-69.0,-67.0,-69.0,-64.0,-67.0,-67.0,-100.0,-100.0,-100.0,-88.0,-89.0,-100.0,-100.0,-100.0,-85.0,-84.0,-84.0,-84.0,-85.0,-84.0,-100.0,-100.0,-100.0,-100.0,-100.0,-100.0,6,-79.0,-78.0,-100.0,-100.0,-100.0,-100.0,-100.0,-100.0,-100.0,-100.0,-100.0,-100.0,-100.0,-100.0,-92.0,-100.0,-92.0,-100.0,-100.0,-100.0,-100.0,-100.0,-100.0,-100.0,-100.0,-100.0,542,262
-78.0,-77,-77,-76,-80.0,-79.0,-76.0,-76.0,-77.0,-77.0,-69.0,-67.0,-69.0,-64.0,-67.0,-67.0,-100.0,-100.0,-100.0,-88.0,-89.0,-100.0,-100.0,-100.0,-85.0,-84.0,-84.0,-84.0,-85.0,-84.0,-100.0,-100.0,-100.0,-100.0,-100.0,-100.0,7,-79.0,-78.0,-100.0,-100.0,-100.0,-100.0,-100.0,-100.0,-100.0,-100.0,-100.0,-100.0,-100.0,-100.0,-92.0,-100.0,-92.0,-100.0,-100.0,-100.0,-100.0,-100.0,-100.0,-100.0,-100.0,-100.0,542,262
-78.0,-77,-77,-76,-80.0,-79.0,-76.0,-76.0,-77.0,-77.0,-69.0,-67.0,-69.0,-64.0,-67.0,-67.0,-100.0,-100.0,-100.0,-88.0,-89.0,-100.0,-100.0,-100.0,-85.0,-84.0,-84.0,-84.0,-85.0,-84.0,-100.0,-100.0,-100.0,-100.0,-100.0,-100.0,7,-79.0,-78.0,-100.0,-100.0,-100.0,-100.0,-100.0,-100.0,-100.0,-100.0,-100.0,-100.0,-100.0,-100.0,-92.0,-100.0,-92.0,-100.0,-100.0,-100.0,-100.0,-100.0,-100.0,-100.0,-100.0,-100.0,542,262
-78.0,-77,-77,-76,-80.0,-79.0,-76.0,-76.0,-77.0,-77.0,-69.0,-67.0,-69.0,-64.0,-67.0,-67.0,-100.0,-100.0,-100.0,-88.0,-89.0,-100.0,-100.0,-100.0,-85.0,-84.0,-84.0,-84.0,-85.0,-84.0,-100.0,-100.0,-100.0,-100.0,-100.0,-100.0,7,-79.0,-78.0,-100.0,-100.0,-100.0,-100.0,-100.0,-100.0,-100.0,-100.0,-100.0,-100.0,-100.0,-100.0,-92.0,-100.0,-92.0,-100.0,-100.0,-100.0,-100.0,-100.0,-100.0,-100.0,-100.0,-100.0,542,262
-78.0,-77,-77,-76,-80.0,-79.0,-76.0,-76.0,-77.0,-77.0,-69.0,-67.0,-69.0,-64.0,-67.0,-67.0,-100.0,-100.0,-100.0,-88.0,-89.0,-100.0,-100.0,-100.0,-85.0,-84.0,-84.0,-84.0,-85.0,-84.0,-100.0,-100.0,-100.0,-100.0,-100.0,-100.0,7,-79.0,-78.0,-100.0,-100.0,-100.0,-100.0,-100.0,-100.0,-100.0,-100.0,-100.0,-100.0,-100.0,-100.0,-92.0,-100.0,-92.0,-100.0,-100.0,-100.0,-100.0,-100.0,-100.0,-100.0,-100.0,-100.0,542,262
-77.0,-78,-78,-77,-80.0,-79.0,-75.0,-74.0,-74.0,-74.0,-70.0,-70.0,-69.0,-69.0,-69.0,-68.0,-100.0,-100.0,-100.0,-88.0,-89.0,-100.0,-100.0,-100.0,-85.0,-84.0,-84.0,-83.0,-83.0,-82.0,-100.0,-100.0,-100.0,-100.0,-100.0,-100.0,8,-82.0,-80.0,-100.0,-100.0,-100.0,-100.0,-100.0,-100.0,-100.0,-100.0,-100.0,-100.0,-100.0,-100.0,-92.0,-100.0,-92.0,-100.0,-100.0,-100.0,-100.0,-100.0,-100.0,-100.0,-100.0,-100.0,542,281
-77.0,-78,-78,-77,-80.0,-79.0,-75.0,-74.0,-74.0,-74.0,-70.0,-70.0,-69.0,-69.0,-69.0,-68.0,-100.0,-100.0,-100.0,-88.0,-89.0,-100.0,-100.0,-100.0,-85.0,-84.0,-84.0,-83.0,-83.0,-82.0,-100.0,-100.0,-100.0,-100.0,-100.0,-100.0,8,-82.0,-80.0,-100.0,-100.0,-100.0,-100.0,-100.0,-100.0,-100.0,-100.0,-100.0,-100.0,-100.0,-100.0,-92.0,-100.0,-92.0,-100.0,-100.0,-100.0,-100.0,-100.0,-100.0,-100.0,-100.0,-100.0,542,281
-77.0,-78,-78,-77,-80.0,-79.0,-75.0,-74.0,-74.0,-74.0,-70.0,-70.0,-69.0,-69.0,-69.0,-68.0,-100.0,-100.0,-100.0,-88.0,-89.0,-100.0,-100.0,-100.0,-85.0,-84.0,-84.0,-83.0,-83.0,-82.0,-100.0,-100.0,-100.0,-100.0,-100.0,-100.0,8,-82.0,-80.0,-100.0,-100.0,-100.0,-100.0,-100.0,-100.0,-100.0,-100.0,-100.0,-100.0,-100.0,-100.0,-92.0,-100.0,-92.0,-100.0,-100.0,-100.0,-100.0,-100.0,-100.0,-100.0,-100.0,-100.0,542,281
-86.0,-84,-85,-85,-68.0,-68.0,-67.0,-64.0,-66.0,-65.0,-84.0,-88.0,-88.0,-85.0,-82.0,-83.0,-92.0,-92.0,-90.0,-89.0,-87.0,-100.0,-100.0,-100.0,-68.0,-68.0,-68.0,-74.0,-74.0,-75.0,-87.0,-87.0,-85.0,-89.0,-88.0,-88.0,8,-100.0,-100.0,-100.0,-100.0,-100.0,-100.0,-100.0,-100.0,-100.0,-100.0,-100.0,-100.0,-100.0,-100.0,-100.0,-100.0,-100.0,-100.0,-100.0,-100.0,-100.0,-100.0,-100.0,-100.0,-100.0,-100.0,542,281
-75.0,-81,-80,-80,-70.0,-100.0,-75.0,-72.0,-72.0,-72.0,-71.0,-72.0,-71.0,-72.0,-72.0,-71.0,-93.0,-100.0,-100.0,-87.0,-89.0,-100.0,-100.0,-100.0,-83.0,-79.0,-79.0,-80.0,-80.0,-80.0,-100.0,-100.0,-100.0,-100.0,-100.0,-100.0,9,-100.0,-100.0,-100.0,-100.0,-100.0,-100.0,-100.0,-100.0,-100.0,-100.0,-100.0,-100.0,-100.0,-100.0,-90.0,-100.0,-100.0,-100.0,-100.0,-100.0,-100.0,-100.0,-100.0,-100.0,-100.0,-100.0,542,281
-75.0,-79,-80,-78,-75.0,-79.0,-75.0,-72.0,-72.0,-73.0,-70.0,-71.0,-70.0,-71.0,-71.0,-70.0,-100.0,-100.0,-100.0,-87.0,-89.0,-100.0,-100.0,-100.0,-85.0,-80.0,-81.0,-81.0,-80.0,-80.0,-100.0,-100.0,-100.0,-100.0,-100.0,-100.0,9,-100.0,-100.0,-100.0,-100.0,-100.0,-100.0,-100.0,-100.0,-100.0,-100.0,-100.0,-100.0,-100.0,-100.0,-90.0,-100.0,-100.0,-100.0,-100.0,-100.0,-100.0,-100.0,-100.0,-100.0,-100.0,-100.0,542,281
-75.0,-79,-80,-78,-75.0,-79.0,-75.0,-72.0,-72.0,-73.0,-70.0,-71.0,-70.0,-71.0,-71.0,-70.0,-100.0,-100.0,-100.0,-87.0,-89.0,-100.0,-100.0,-100.0,-85.0,-80.0,-81.0,-81.0,-80.0,-80.0,-100.0,-100.0,-100.0,-100.0,-100.0,-100.0,9,-100.0,-100.0,-100.0,-100.0,-100.0,-100.0,-100.0,-100.0,-100.0,-100.0,-100.0,-100.0,-100.0,-100.0,-90.0,-100.0,-100.0,-100.0,-100.0,-100.0,-100.0,-100.0,-100.0,-100.0,-100.0,-100.0,542,300
-77.0,-78,-78,-77,-80.0,-79.0,-75.0,-74.0,-74.0,-74.0,-70.0,-70.0,-69.0,-69.0,-69.0,-68.0,-100.0,-100.0,-100.0,-88.0,-89.0,-100.0,-100.0,-100.0,-85.0,-84.0,-84.0,-83.0,-83.0,-82.0,-100.0,-100.0,-100.0,-100.0,-100.0,-100.0,9,-82.0,-80.0,-100.0,-100.0,-100.0,-100.0,-100.0,-100.0,-100.0,-100.0,-100.0,-100.0,-100.0,-100.0,-92.0,-100.0,-92.0,-100.0,-100.0,-100.0,-100.0,-100.0,-100.0,-100.0,-100.0,-100.0,542,300
-75.0,-81,-80,-80,-70.0,-100.0,-75.0,-72.0,-72.0,-72.0,-71.0,-72.0,-71.0,-72.0,-72.0,-71.0,-93.0,-100.0,-100.0,-87.0,-89.0,-100.0,-100.0,-100.0,-83.0,-79.0,-79.0,-80.0,-80.0,-80.0,-100.0,-100.0,-100.0,-100.0,-100.0,-100.0,10,-100.0,-100.0,-100.0,-100.0,-100.0,-100.0,-100.0,-100.0,-100.0,-100.0,-100.0,-100.0,-100.0,-100.0,-90.0,-100.0,-100.0,-100.0,-100.0,-100.0,-100.0,-100.0,-100.0,-100.0,-100.0,-100.0,542,300
-75.0,-81,-80,-80,-70.0,-100.0,-75.0,-72.0,-72.0,-72.0,-71.0,-72.0,-71.0,-72.0,-72.0,-71.0,-93.0,-100.0,-100.0,-87.0,-89.0,-100.0,-100.0,-100.0,-83.0,-79.0,-79.0,-80.0,-80.0,-80.0,-100.0,-100.0,-100.0,-100.0,-100.0,-100.0,10,-100.0,-100.0,-100.0,-100.0,-100.0,-100.0,-100.0,-100.0,-100.0,-100.0,-100.0,-100.0,-100.0,-100.0,-90.0,-100.0,-100.0,-100.0,-100.0,-100.0,-100.0,-100.0,-100.0,-100.0,-100.0,-100.0,542,300
-75.0,-81,-80,-80,-70.0,-100.0,-75.0,-72.0,-72.0,-72.0,-71.0,-72.0,-71.0,-72.0,-72.0,-71.0,-93.0,-100.0,-100.0,-87.0,-89.0,-100.0,-100.0,-100.0,-83.0,-79.0,-79.0,-80.0,-80.0,-80.0,-100.0,-100.0,-100.0,-100.0,-100.0,-100.0,10,-100.0,-100.0,-100.0,-100.0,-100.0,-100.0,-100.0,-100.0,-100.0,-100.0,-100.0,-100.0,-100.0,-100.0,-90.0,-100.0,-100.0,-100.0,-100.0,-100.0,-100.0,-100.0,-100.0,-100.0,-100.0,-100.0,542,300
-75.0,-81,-80,-80,-70.0,-100.0,-75.0,-72.0,-72.0,-72.0,-71.0,-72.0,-71.0,-72.0,-72.0,-71.0,-93.0,-100.0,-100.0,-87.0,-89.0,-100.0,-100.0,-100.0,-83.0,-79.0,-79.0,-80.0,-80.0,-80.0,-100.0,-100.0,-100.0,-100.0,-100.0,-100.0,10,-100.0,-100.0,-100.0,-100.0,-100.0,-100.0,-100.0,-100.0,-100.0,-100.0,-100.0,-100.0,-100.0,-100.0,-90.0,-100.0,-100.0,-100.0,-100.0,-100.0,-100.0,-100.0,-100.0,-100.0,-100.0,-100.0,542,300
-75.0,-81,-80,-80,-70.0,-100.0,-75.0,-72.0,-72.0,-72.0,-71.0,-72.0,-71.0,-72.0,-72.0,-71.0,-93.0,-100.0,-100.0,-87.0,-89.0,-100.0,-100.0,-100.0,-83.0,-79.0,-79.0,-80.0,-80.0,-80.0,-100.0,-100.0,-100.0,-100.0,-100.0,-100.0,11,-100.0,-100.0,-100.0,-100.0,-100.0,-100.0,-100.0,-100.0,-100.0,-100.0,-100.0,-100.0,-100.0,-100.0,-90.0,-100.0,-100.0,-100.0,-100.0,-100.0,-100.0,-100.0,-100.0,-100.0,-100.0,-100.0,542,300
-75.0,-81,-80,-80,-70.0,-100.0,-75.0,-72.0,-72.0,-72.0,-71.0,-72.0,-71.0,-72.0,-72.0,-71.0,-93.0,-100.0,-100.0,-87.0,-89.0,-100.0,-100.0,-100.0,-83.0,-79.0,-79.0,-80.0,-80.0,-80.0,-100.0,-100.0,-100.0,-100.0,-100.0,-100.0,11,-100.0,-100.0,-100.0,-100.0,-100.0,-100.0,-100.0,-100.0,-100.0,-100.0,-100.0,-100.0,-100.0,-100.0,-90.0,-100.0,-100.0,-100.0,-100.0,-100.0,-100.0,-100.0,-100.0,-100.0,-100.0,-100.0,542,319
-75.0,-81,-80,-80,-70.0,-100.0,-75.0,-72.0,-72.0,-72.0,-71.0,-72.0,-71.0,-72.0,-72.0,-71.0,-93.0,-100.0,-100.0,-87.0,-89.0,-100.0,-100.0,-100.0,-83.0,-79.0,-79.0,-80.0,-80.0,-80.0,-100.0,-100.0,-100.0,-100.0,-100.0,-100.0,11,-100.0,-100.0,-100.0,-100.0,-100.0,-100.0,-100.0,-100.0,-100.0,-100.0,-100.0,-100.0,-100.0,-100.0,-90.0,-100.0,-100.0,-100.0,-100.0,-100.0,-100.0,-100.0,-100.0,-100.0,-100.0,-100.0,542,319
-75.0,-81,-80,-80,-70.0,-100.0,-75.0,-72.0,-72.0,-72.0,-71.0,-72.0,-71.0,-72.0,-72.0,-71.0,-93.0,-100.0,-100.0,-87.0,-89.0,-100.0,-100.0,-100.0,-83.0,-79.0,-79.0,-80.0,-80.0,-80.0,-100.0,-100.0,-100.0,-100.0,-100.0,-100.0,11,-100.0,-100.0,-100.0,-100.0,-100.0,-100.0,-100.0,-100.0,-100.0,-100.0,-100.0,-100.0,-100.0,-100.0,-90.0,-100.0,-100.0,-100.0,-100.0,-100.0,-100.0,-100.0,-100.0,-100.0,-100.0,-100.0,542,319
-83.0,-85,-84,-84,-70.0,-73.0,-73.0,-67.0,-67.0,-67.0,-73.0,-74.0,-75.0,-76.0,-75.0,-77.0,-93.0,-100.0,-100.0,-87.0,-90.0,-100.0,-100.0,-100.0,-77.0,-77.0,-75.0,-79.0,-79.0,-79.0,-100.0,-100.0,-100.0,-100.0,-100.0,-100.0,12,-100.0,-100.0,-100.0,-100.0,-100.0,-100.0,-100.0,-100.0,-100.0,-100.0,-100.0,-100.0,-100.0,-100.0,-90.0,-100.0,-100.0,-100.0,-100.0,-100.0,-100.0,-100.0,-100.0,-90.0,-90.0,-100.0,542,319
-79.0,-81,-81,-81,-70.0,-75.0,-77.0,-69.0,-68.0,-69.0,-72.0,-73.0,-73.0,-75.0,-74.0,-75.0,-93.0,-100.0,-100.0,-87.0,-90.0,-100.0,-100.0,-100.0,-80.0,-78.0,-77.0,-80.0,-79.0,-79.0,-100.0,-100.0,-100.0,-100.0,-100.0,-100.0,12,-100.0,-100.0,-100.0,-100.0,-100.0,-100.0,-100.0,-100.0,-100.0,-100.0,-100.0,-100.0,-100.0,-100.0,-90.0,-100.0,-100.0,-100.0,-100.0,-100.0,-100.0,-100.0,-100.0,-90.0,-90.0,-100.0,542,319
-79.0,-81,-81,-81,-70.0,-75.0,-77.0,-69.0,-68.0,-69.0,-72.0,-73.0,-73.0,-75.0,-74.0,-75.0,-93.0,-100.0,-100.0,-87.0,-90.0,-100.0,-100.0,-100.0,-80.0,-78.0,-77.0,-80.0,-79.0,-79.0,-100.0,-100.0,-100.0,-100.0,-100.0,-100.0,12,-100.0,-100.0,-100.0,-100.0,-100.0,-100.0,-100.0,-100.0,-100.0,-100.0,-100.0,-100.0,-100.0,-100.0,-90.0,-100.0,-100.0,-100.0,-100.0,-100.0,-100.0,-100.0,-100.0,-90.0,-90.0,-100.0,542,319
-79.0,-81,-81,-81,-70.0,-75.0,-77.0,-69.0,-68.0,-69.0,-72.0,-73.0,-73.0,-75.0,-74.0,-75.0,-93.0,-100.0,-100.0,-87.0,-90.0,-100.0,-100.0,-100.0,-80.0,-78.0,-77.0,-80.0,-79.0,-79.0,-100.0,-100.0,-100.0,-100.0,-100.0,-100.0,12,-100.0,-100.0,-100.0,-100.0,-100.0,-100.0,-100.0,-100.0,-100.0,-100.0,-100.0,-100.0,-100.0,-100.0,-90.0,-100.0,-100.0,-100.0,-100.0,-100.0,-100.0,-100.0,-100.0,-90.0,-90.0,-100.0,542,338
-86.0,-84,-85,-85,-68.0,-68.0,-67.0,-64.0,-66.0,-65.0,-84.0,-88.0,-88.0,-85.0,-82.0,-83.0,-92.0,-92.0,-90.0,-89.0,-87.0,-100.0,-100.0,-100.0,-68.0,-68.0,-68.0,-74.0,-74.0,-75.0,-87.0,-87.0,-85.0,-89.0,-88.0,-88.0,13,-100.0,-100.0,-100.0,-100.0,-100.0,-100.0,-100.0,-100.0,-100.0,-100.0,-100.0,-100.0,-100.0,-100.0,-100.0,-100.0,-100.0,-100.0,-100.0,-100.0,-100.0,-100.0,-100.0,-100.0,-100.0,-100.0,542,338
-83.0,-88,-86,-86,-70.0,-72.0,-72.0,-65.0,-66.0,-65.0,-76.0,-76.0,-76.0,-76.0,-75.0,-76.0,-93.0,-100.0,-100.0,-87.0,-90.0,-100.0,-100.0,-100.0,-76.0,-73.0,-75.0,-79.0,-79.0,-79.0,-100.0,-100.0,-100.0,-100.0,-100.0,-100.0,13,-100.0,-100.0,-100.0,-100.0,-100.0,-100.0,-100.0,-100.0,-100.0,-100.0,-100.0,-100.0,-100.0,-100.0,-100.0,-100.0,-100.0,-100.0,-100.0,-100.0,-100.0,-100.0,-100.0,-90.0,-90.0,-100.0,542,338
-83.0,-85,-84,-84,-70.0,-73.0,-73.0,-67.0,-67.0,-67.0,-73.0,-74.0,-75.0,-76.0,-75.0,-77.0,-93.0,-100.0,-100.0,-87.0,-90.0,-100.0,-100.0,-100.0,-77.0,-77.0,-75.0,-79.0,-79.0,-79.0,-100.0,-100.0,-100.0,-100.0,-100.0,-100.0,13,-100.0,-100.0,-100.0,-100.0,-100.0,-100.0,-100.0,-100.0,-100.0,-100.0,-100.0,-100.0,-100.0,-100.0,-90.0,-100.0,-100.0,-100.0,-100.0,-100.0,-100.0,-100.0,-100.0,-90.0,-90.0,-100.0,542,338
-83.0,-88,-86,-86,-70.0,-72.0,-72.0,-65.0,-66.0,-65.0,-76.0,-76.0,-76.0,-76.0,-75.0,-76.0,-93.0,-100.0,-100.0,-87.0,-90.0,-100.0,-100.0,-100.0,-76.0,-73.0,-75.0,-79.0,-79.0,-79.0,-100.0,-100.0,-100.0,-100.0,-100.0,-100.0,13,-100.0,-100.0,-100.0,-100.0,-100.0,-100.0,-100.0,-100.0,-100.0,-100.0,-100.0,-100.0,-100.0,-100.0,-100.0,-100.0,-100.0,-100.0,-100.0,-100.0,-100.0,-100.0,-100.0,-90.0,-90.0,-100.0,542,338
-83.0,-88,-86,-86,-64.0,-65.0,-65.0,-61.0,-61.0,-61.0,-81.0,-79.0,-80.0,-79.0,-79.0,-80.0,-100.0,-100.0,-100.0,-87.0,-90.0,-100.0,-100.0,-100.0,-72.0,-70.0,-71.0,-75.0,-75.0,-75.0,-85.0,-100.0,-88.0,-100.0,-92.0,-100.0,14,-100.0,-100.0,-100.0,-100.0,-100.0,-100.0,-100.0,-100.0,-100.0,-100.0,-100.0,-100.0,-100.0,-100.0,-100.0,-100.0,-100.0,-100.0,-100.0,-100.0,-100.0,-100.0,-100.0,-90.0,-90.0,-100.0,542,338
-83.0,-88,-86,-86,-70.0,-72.0,-72.0,-65.0,-66.0,-65.0,-76.0,-76.0,-76.0,-76.0,-75.0,-76.0,-93.0,-100.0,-100.0,-87.0,-90.0,-100.0,-100.0,-100.0,-76.0,-73.0,-75.0,-79.0,-79.0,-79.0,-100.0,-100.0,-100.0,-100.0,-100.0,-100.0,14,-100.0,-100.0,-100.0,-100.0,-100.0,-100.0,-100.0,-100.0,-100.0,-100.0,-100.0,-100.0,-100.0,-100.0,-100.0,-100.0,-100.0,-100.0,-100.0,-100.0,-100.0,-100.0,-100.0,-90.0,-90.0,-100.0,542,356
-83.0,-88,-86,-86,-70.0,-72.0,-72.0,-65.0,-66.0,-65.0,-76.0,-76.0,-76.0,-76.0,-75.0,-76.0,-93.0,-100.0,-100.0,-87.0,-90.0,-100.0,-100.0,-100.0,-76.0,-73.0,-75.0,-79.0,-79.0,-79.0,-100.0,-100.0,-100.0,-100.0,-100.0,-100.0,14,-100.0,-100.0,-100.0,-100.0,-100.0,-100.0,-100.0,-100.0,-100.0,-100.0,-100.0,-100.0,-100.0,-100.0,-100.0,-100.0,-100.0,-100.0,-100.0,-100.0,-100.0,-100.0,-100.0,-90.0,-90.0,-100.0,542,356
-83.0,-88,-86,-86,-64.0,-65.0,-65.0,-61.0,-61.0,-61.0,-81.0,-79.0,-80.0,-79.0,-79.0,-80.0,-100.0,-100.0,-100.0,-87.0,-90.0,-100.0,-100.0,-100.0,-72.0,-70.0,-71.0,-75.0,-75.0,-75.0,-85.0,-100.0,-88.0,-100.0,-92.0,-100.0,14,-100.0,-100.0,-100.0,-100.0,-100.0,-100.0,-100.0,-100.0,-100.0,-100.0,-100.0,-100.0,-100.0,-100.0,-100.0,-100.0,-100.0,-100.0,-100.0,-100.0,-100.0,-100.0,-100.0,-90.0,-90.0,-100.0,542,356
-83.0,-88,-86,-86,-64.0,-65.0,-65.0,-61.0,-61.0,-61.0,-81.0,-79.0,-80.0,-79.0,-79.0,-80.0,-100.0,-100.0,-100.0,-87.0,-90.0,-100.0,-100.0,-100.0,-72.0,-70.0,-71.0,-75.0,-75.0,-75.0,-85.0,-100.0,-88.0,-100.0,-92.0,-100.0,15,-100.0,-100.0,-100.0,-100.0,-100.0,-100.0,-100.0,-100.0,-100.0,-100.0,-100.0,-100.0,-100.0,-100.0,-100.0,-100.0,-100.0,-100.0,-100.0,-100.0,-100.0,-100.0,-100.0,-90.0,-90.0,-100.0,542,356
-86.0,-84,-85,-85,-68.0,-68.0,-67.0,-64.0,-66.0,-65.0,-84.0,-88.0,-88.0,-85.0,-82.0,-83.0,-92.0,-92.0,-90.0,-89.0,-87.0,-100.0,-100.0,-100.0,-68.0,-68.0,-68.0,-74.0,-74.0,-75.0,-87.0,-87.0,-85.0,-89.0,-88.0,-88.0,15,-100.0,-100.0,-100.0,-100.0,-100.0,-100.0,-100.0,-100.0,-100.0,-100.0,-100.0,-100.0,-100.0,-100.0,-100.0,-100.0,-100.0,-100.0,-100.0,-100.0,-100.0,-100.0,-100.0,-100.0,-100.0,-100.0,542,356
-83.0,-88,-86,-86,-64.0,-65.0,-65.0,-61.0,-61.0,-61.0,-81.0,-79.0,-80.0,-79.0,-79.0,-80.0,-100.0,-100.0,-100.0,-87.0,-90.0,-100.0,-100.0,-100.0,-72.0,-70.0,-71.0,-75.0,-75.0,-75.0,-85.0,-100.0,-88.0,-100.0,-92.0,-100.0,15,-100.0,-100.0,-100.0,-100.0,-100.0,-100.0,-100.0,-100.0,-100.0,-100.0,-100.0,-100.0,-100.0,-100.0,-100.0,-100.0,-100.0,-100.0,-100.0,-100.0,-100.0,-100.0,-100.0,-90.0,-90.0,-100.0,542,356
-83.0,-88,-86,-86,-64.0,-65.0,-65.0,-61.0,-61.0,-61.0,-81.0,-79.0,-80.0,-79.0,-79.0,-80.0,-100.0,-100.0,-100.0,-87.0,-90.0,-100.0,-100.0,-100.0,-72.0,-70.0,-71.0,-75.0,-75.0,-75.0,-85.0,-100.0,-88.0,-100.0,-92.0,-100.0,15,-100.0,-100.0,-100.0,-100.0,-100.0,-100.0,-100.0,-100.0,-100.0,-100.0,-100.0,-100.0,-100.0,-100.0,-100.0,-100.0,-100.0,-100.0,-100.0,-100.0,-100.0,-100.0,-100.0,-90.0,-90.0,-100.0,542,356
-84.0,-87,-86,-86,-64.0,-64.0,-64.0,-61.0,-61.0,-61.0,-83.0,-83.0,-82.0,-80.0,-80.0,-80.0,-100.0,-100.0,-100.0,-100.0,-100.0,-100.0,-100.0,-100.0,-72.0,-63.0,-64.0,-70.0,-69.0,-70.0,-85.0,-100.0,-88.0,-100.0,-92.0,-100.0,16,-86.0,-86.0,-100.0,-100.0,-100.0,-100.0,-100.0,-100.0,-100.0,-100.0,-100.0,-100.0,-100.0,-100.0,-100.0,-100.0,-100.0,-100.0,-100.0,-100.0,-100.0,-89.0,-89.0,-100.0,-100.0,-100.0,542,375
-84.0,-87,-86,-86,-64.0,-64.0,-64.0,-61.0,-61.0,-61.0,-83.0,-83.0,-82.0,-80.0,-80.0,-80.0,-100.0,-100.0,-100.0,-100.0,-100.0,-100.0,-100.0,-100.0,-72.0,-63.0,-64.0,-70.0,-69.0,-70.0,-85.0,-100.0,-88.0,-100.0,-92.0,-100.0,16,-86.0,-86.0,-100.0,-100.0,-100.0,-100.0,-100.0,-100.0,-100.0,-100.0,-100.0,-100.0,-100.0,-100.0,-100.0,-100.0,-100.0,-100.0,-100.0,-100.0,-100.0,-89.0,-89.0,-100.0,-100.0,-100.0,542,375
-84.0,-87,-86,-86,-64.0,-64.0,-64.0,-61.0,-61.0,-61.0,-83.0,-83.0,-82.0,-80.0,-80.0,-80.0,-100.0,-100.0,-100.0,-100.0,-100.0,-100.0,-100.0,-100.0,-72.0,-63.0,-64.0,-70.0,-69.0,-70.0,-85.0,-100.0,-88.0,-100.0,-92.0,-100.0,16,-86.0,-86.0,-100.0,-100.0,-100.0,-100.0,-100.0,-100.0,-100.0,-100.0,-100.0,-100.0,-100.0,-100.0,-100.0,-100.0,-100.0,-100.0,-100.0,-100.0,-100.0,-89.0,-89.0,-100.0,-100.0,-100.0,542,375
-84.0,-87,-86,-86,-64.0,-64.0,-64.0,-61.0,-61.0,-61.0,-83.0,-83.0,-82.0,-80.0,-80.0,-80.0,-100.0,-100.0,-100.0,-100.0,-100.0,-100.0,-100.0,-100.0,-72.0,-63.0,-64.0,-70.0,-69.0,-70.0,-85.0,-100.0,-88.0,-100.0,-92.0,-100.0,16,-86.0,-86.0,-100.0,-100.0,-100.0,-100.0,-100.0,-100.0,-100.0,-100.0,-100.0,-100.0,-100.0,-100.0,-100.0,-100.0,-100.0,-100.0,-100.0,-100.0,-100.0,-89.0,-89.0,-100.0,-100.0,-100.0,542,375
-91.0,-85,-84,-85,-70.0,-70.0,-69.0,-66.0,-66.0,-66.0,-85.0,-85.0,-100.0,-100.0,-100.0,-100.0,-100.0,-100.0,-100.0,-100.0,-100.0,-100.0,-100.0,-100.0,-62.0,-61.0,-61.0,-63.0,-62.0,-63.0,-100.0,-100.0,-100.0,-90.0,-100.0,-100.0,17,-90.0,-100.0,-100.0,-100.0,-100.0,-100.0,-100.0,-100.0,-100.0,-100.0,-100.0,-100.0,-100.0,-100.0,-88.0,-88.0,-87.0,-84.0,-100.0,-100.0,-100.0,-100.0,-100.0,-100.0,-100.0,-100.0,542,375
-100.0,-85,-85,-85,-70.0,-70.0,-70.0,-66.0,-67.0,-66.0,-85.0,-84.0,-100.0,-100.0,-100.0,-100.0,-100.0,-100.0,-100.0,-100.0,-100.0,-100.0,-100.0,-100.0,-62.0,-61.0,-62.0,-63.0,-61.0,-64.0,-100.0,-100.0,-100.0,-90.0,-100.0,-100.0,17,-100.0,-100.0,-100.0,-100.0,-100.0,-100.0,-100.0,-100.0,-100.0,-100.0,-100.0,-100.0,-100.0,-100.0,-87.0,-88.0,-87.0,-84.0,-100.0,-100.0,-100.0,-100.0,-100.0,-100.0,-100.0,-100.0,542,375
-86.0,-84,-85,-85,-68.0,-68.0,-67.0,-64.0,-66.0,-65.0,-84.0,-88.0,-88.0,-85.0,-82.0,-83.0,-92.0,-92.0,-90.0,-89.0,-87.0,-100.0,-100.0,-100.0,-68.0,-68.0,-68.0,-74.0,-74.0,-75.0,-87.0,-87.0,-85.0,-89.0,-88.0,-88.0,17,-100.0,-100.0,-100.0,-100.0,-100.0,-100.0,-100.0,-100.0,-100.0,-100.0,-100.0,-100.0,-100.0,-100.0,-100.0,-100.0,-100.0,-100.0,-100.0,-100.0,-100.0,-100.0,-100.0,-100.0,-100.0,-100.0,542,375
-91.0,-85,-84,-85,-70.0,-70.0,-69.0,-65.0,-64.0,-64.0,-84.0,-83.0,-100.0,-100.0,-82.0,-83.0,-100.0,-100.0,-100.0,-100.0,-100.0,-100.0,-100.0,-100.0,-64.0,-63.0,-63.0,-66.0,-65.0,-65.0,-100.0,-100.0,-100.0,-90.0,-100.0,-100.0,17,-90.0,-100.0,-100.0,-100.0,-100.0,-100.0,-100.0,-100.0,-100.0,-100.0,-100.0,-100.0,-100.0,-100.0,-88.0,-88.0,-87.0,-84.0,-100.0,-100.0,-100.0,-100.0,-100.0,-100.0,-100.0,-100.0,542,394
-85.0,-82,-82,-81,-100.0,-100.0,-100.0,-100.0,-100.0,-100.0,-84.0,-84.0,-84.0,-74.0,-73.0,-73.0,-51.0,-57.0,-56.0,-78.0,-78.0,-100.0,-100.0,-100.0,-100.0,-100.0,-100.0,-100.0,-100.0,-100.0,-100.0,-100.0,-100.0,-100.0,-100.0,-100.0,18,-85.0,-85.0,-75.0,-75.0,-75.0,-60.0,-60.0,-66.0,-66.0,-66.0,-60.0,-84.0,-84.0,-85.0,-100.0,-100.0,-100.0,-100.0,-100.0,-100.0,-100.0,-100.0,-100.0,-100.0,-100.0,-100.0,542,394
-85.0,-82,-82,-82,-100.0,-100.0,-100.0,-100.0,-100.0,-100.0,-84.0,-84.0,-84.0,-73.0,-75.0,-72.0,-49.0,-54.0,-54.0,-77.0,-77.0,-100.0,-100.0,-100.0,-100.0,-100.0,-100.0,-100.0,-100.0,-100.0,-100.0,-100.0,-100.0,-100.0,-100.0,-100.0,18,-85.0,-85.0,-70.0,-70.0,-70.0,-60.0,-60.0,-65.0,-65.0,-65.0,-60.0,-85.0,-84.0,-85.0,-100.0,-100.0,-100.0,-100.0,-100.0,-100.0,-100.0,-100.0,-100.0,-100.0,-100.0,-100.0,542,394
-83.0,-79,-79,-79,-100.0,-100.0,-100.0,-83.0,-83.0,-83.0,-88.0,-100.0,-87.0,-75.0,-77.0,-74.0,-49.0,-51.0,-51.0,-77.0,-77.0,-100.0,-100.0,-100.0,-100.0,-100.0,-100.0,-89.0,-100.0,-90.0,-100.0,-100.0,-100.0,-100.0,-100.0,-100.0,18,-83.0,-83.0,-66.0,-66.0,-66.0,-62.0,-62.0,-65.0,-65.0,-65.0,-62.0,-88.0,-87.0,-87.0,-100.0,-100.0,-100.0,-100.0,-86.0,-87.0,-100.0,-100.0,-100.0,-100.0,-100.0,-100.0,542,394
-83.0,-79,-79,-79,-100.0,-100.0,-100.0,-83.0,-83.0,-83.0,-88.0,-100.0,-87.0,-75.0,-77.0,-74.0,-49.0,-51.0,-51.0,-77.0,-77.0,-100.0,-100.0,-100.0,-100.0,-100.0,-100.0,-89.0,-100.0,-90.0,-100.0,-100.0,-100.0,-100.0,-100.0,-100.0,18,-83.0,-83.0,-66.0,-66.0,-66.0,-62.0,-62.0,-65.0,-65.0,-65.0,-62.0,-88.0,-87.0,-87.0,-100.0,-100.0,-100.0,-100.0,-86.0,-87.0,-100.0,-100.0,-100.0,-100.0,-100.0,-100.0,542,394
-83.0,-78,-78,-78,-100.0,-100.0,-100.0,-83.0,-83.0,-83.0,-86.0,-84.0,-85.0,-74.0,-74.0,-73.0,-50.0,-52.0,-52.0,-77.0,-77.0,-100.0,-100.0,-100.0,-100.0,-100.0,-100.0,-89.0,-100.0,-90.0,-100.0,-100.0,-100.0,-100.0,-100.0,-100.0,19,-83.0,-83.0,-65.0,-65.0,-65.0,-62.0,-62.0,-65.0,-65.0,-65.0,-62.0,-87.0,-87.0,-86.0,-100.0,-100.0,-100.0,-100.0,-84.0,-84.0,-97.0,-100.0,-100.0,-100.0,-100.0,-100.0,542,394
-83.0,-78,-78,-78,-100.0,-100.0,-100.0,-83.0,-83.0,-83.0,-86.0,-84.0,-85.0,-74.0,-74.0,-73.0,-50.0,-52.0,-52.0,-77.0,-77.0,-100.0,-100.0,-100.0,-100.0,-100.0,-100.0,-89.0,-100.0,-90.0,-100.0,-100.0,-100.0,-100.0,-100.0,-100.0,19,-83.0,-83.0,-65.0,-65.0,-65.0,-62.0,-62.0,-65.0,-65.0,-65.0,-62.0,-87.0,-87.0,-86.0,-100.0,-100.0,-100.0,-100.0,-84.0,-84.0,-97.0,-100.0,-100.0,-100.0,-100.0,-100.0,542,413
-83.0,-78,-78,-78,-100.0,-100.0,-100.0,-83.0,-83.0,-83.0,-86.0,-84.0,-85.0,-74.0,-74.0,-73.0,-50.0,-52.0,-52.0,-77.0,-77.0,-100.0,-100.0,-100.0,-100.0,-100.0,-100.0,-89.0,-100.0,-90.0,-100.0,-100.0,-100.0,-100.0,-100.0,-100.0,19,-83.0,-83.0,-65.0,-65.0,-65.0,-62.0,-62.0,-65.0,-65.0,-65.0,-62.0,-87.0,-87.0,-86.0,-100.0,-100.0,-100.0,-100.0,-84.0,-84.0,-97.0,-100.0,-100.0,-100.0,-100.0,-100.0,542,413
-83.0,-78,-78,-78,-100.0,-100.0,-100.0,-83.0,-83.0,-83.0,-86.0,-84.0,-85.0,-74.0,-74.0,-73.0,-50.0,-52.0,-52.0,-77.0,-77.0,-100.0,-100.0,-100.0,-100.0,-100.0,-100.0,-89.0,-100.0,-90.0,-100.0,-100.0,-100.0,-100.0,-100.0,-100.0,19,-83.0,-83.0,-65.0,-65.0,-65.0,-62.0,-62.0,-65.0,-65.0,-65.0,-62.0,-87.0,-87.0,-86.0,-100.0,-100.0,-100.0,-100.0,-84.0,-84.0,-97.0,-100.0,-100.0,-100.0,-100.0,-100.0,542,413
-83.0,-78,-78,-78,-100.0,-100.0,-100.0,-83.0,-83.0,-83.0,-86.0,-86.0,-85.0,-74.0,-75.0,-76.0,-50.0,-51.0,-51.0,-77.0,-77.0,-100.0,-100.0,-100.0,-100.0,-100.0,-100.0,-89.0,-100.0,-90.0,-100.0,-100.0,-100.0,-100.0,-100.0,-100.0,20,-83.0,-83.0,-66.0,-66.0,-66.0,-59.0,-59.0,-65.0,-66.0,-66.0,-59.0,-87.0,-86.0,-86.0,-100.0,-100.0,-100.0,-100.0,-84.0,-84.0,-97.0,-100.0,-100.0,-100.0,-100.0,-100.0,542,413
-83.0,-78,-78,-78,-100.0,-100.0,-100.0,-83.0,-83.0,-83.0,-86.0,-86.0,-85.0,-74.0,-75.0,-76.0,-50.0,-51.0,-51.0,-77.0,-77.0,-100.0,-100.0,-100.0,-100.0,-100.0,-100.0,-89.0,-100.0,-90.0,-100.0,-100.0,-100.0,-100.0,-100.0,-100.0,20,-83.0,-83.0,-66.0,-66.0,-66.0,-59.0,-59.0,-65.0,-66.0,-66.0,-59.0,-87.0,-86.0,-86.0,-100.0,-100.0,-100.0,-100.0,-84.0,-84.0,-97.0,-100.0,-100.0,-100.0,-100.0,-100.0,542,413
-83.0,-78,-78,-78,-100.0,-100.0,-100.0,-83.0,-83.0,-83.0,-86.0,-86.0,-85.0,-74.0,-75.0,-76.0,-50.0,-51.0,-51.0,-77.0,-77.0,-100.0,-100.0,-100.0,-100.0,-100.0,-100.0,-89.0,-100.0,-90.0,-100.0,-100.0,-100.0,-100.0,-100.0,-100.0,20,-83.0,-83.0,-66.0,-66.0,-66.0,-59.0,-59.0,-65.0,-66.0,-66.0,-59.0,-87.0,-86.0,-86.0,-100.0,-100.0,-100.0,-100.0,-84.0,-84.0,-97.0,-100.0,-100.0,-100.0,-100.0,-100.0,542,413
-83.0,-78,-78,-78,-100.0,-100.0,-100.0,-83.0,-83.0,-83.0,-86.0,-86.0,-85.0,-74.0,-75.0,-76.0,-50.0,-51.0,-51.0,-77.0,-77.0,-100.0,-100.0,-100.0,-100.0,-100.0,-100.0,-89.0,-100.0,-90.0,-100.0,-100.0,-100.0,-100.0,-100.0,-100.0,20,-83.0,-83.0,-66.0,-66.0,-66.0,-59.0,-59.0,-65.0,-66.0,-66.0,-59.0,-87.0,-86.0,-86.0,-100.0,-100.0,-100.0,-100.0,-84.0,-84.0,-97.0,-100.0,-100.0,-100.0,-100.0,-100.0,542,413
-81.0,-81,-81,-81,-100.0,-100.0,-100.0,-88.0,-88.0,-87.0,-80.0,-77.0,-77.0,-80.0,-80.0,-81.0,-59.0,-62.0,-62.0,-79.0,-77.0,-100.0,-100.0,-100.0,-100.0,-100.0,-100.0,-100.0,-100.0,-100.0,-100.0,-100.0,-100.0,-100.0,-100.0,-100.0,21,-81.0,-81.0,-67.0,-67.0,-68.0,-64.0,-60.0,-73.0,-73.0,-74.0,-61.0,-93.0,-91.0,-90.0,-100.0,-100.0,-100.0,-100.0,-87.0,-88.0,-100.0,-100.0,-100.0,-100.0,-100.0,-100.0,542,432
-91.0,-85,-84,-85,-70.0,-70.0,-69.0,-65.0,-64.0,-64.0,-84.0,-83.0,-100.0,-100.0,-82.0,-83.0,-100.0,-100.0,-100.0,-100.0,-100.0,-100.0,-100.0,-100.0,-64.0,-63.0,-63.0,-66.0,-65.0,-65.0,-100.0,-100.0,-100.0,-90.0,-100.0,-100.0,21,-90.0,-100.0,-100.0,-100.0,-100.0,-100.0,-100.0,-100.0,-100.0,-100.0,-100.0,-100.0,-100.0,-100.0,-88.0,-88.0,-87.0,-84.0,-100.0,-100.0,-100.0,-100.0,-100.0,-100.0,-100.0,-100.0,542,432
-81.0,-81,-81,-81,-100.0,-100.0,-100.0,-88.0,-88.0,-87.0,-80.0,-77.0,-77.0,-80.0,-80.0,-81.0,-59.0,-62.0,-62.0,-79.0,-77.0,-100.0,-100.0,-100.0,-100.0,-100.0,-100.0,-100.0,-100.0,-100.0,-100.0,-100.0,-100.0,-100.0,-100.0,-100.0,21,-81.0,-81.0,-67.0,-67.0,-68.0,-64.0,-60.0,-73.0,-73.0,-74.0,-61.0,-93.0,-91.0,-90.0,-100.0,-100.0,-100.0,-100.0,-87.0,-88.0,-100.0,-100.0,-100.0,-100.0,-100.0,-100.0,542,432
-81.0,-81,-81,-81,-100.0,-100.0,-100.0,-88.0,-88.0,-87.0,-80.0,-77.0,-77.0,-80.0,-80.0,-81.0,-59.0,-62.0,-62.0,-79.0,-77.0,-100.0,-100.0,-100.0,-100.0,-100.0,-100.0,-100.0,-100.0,-100.0,-100.0,-100.0,-100.0,-100.0,-100.0,-100.0,21,-81.0,-81.0,-67.0,-67.0,-68.0,-64.0,-60.0,-73.0,-73.0,-74.0,-61.0,-93.0,-91.0,-90.0,-100.0,-100.0,-100.0,-100.0,-87.0,-88.0,-100.0,-100.0,-100.0,-100.0,-100.0,-100.0,542,432
-82.0,-80,-80,-81,-100.0,-100.0,-100.0,-88.0,-88.0,-87.0,-80.0,-79.0,-79.0,-80.0,-80.0,-81.0,-60.0,-63.0,-63.0,-80.0,-78.0,-100.0,-100.0,-100.0,-100.0,-100.0,-100.0,-100.0,-100.0,-100.0,-100.0,-100.0,-100.0,-100.0,-100.0,-100.0,22,-82.0,-81.0,-68.0,-68.0,-68.0,-67.0,-63.0,-73.0,-73.0,-74.0,-63.0,-93.0,-91.0,-90.0,-100.0,-100.0,-100.0,-100.0,-87.0,-88.0,-100.0,-100.0,-100.0,-100.0,-100.0,-100.0,542,432
-82.0,-80,-80,-81,-100.0,-100.0,-100.0,-88.0,-88.0,-87.0,-80.0,-79.0,-79.0,-80.0,-80.0,-81.0,-60.0,-63.0,-63.0,-80.0,-78.0,-100.0,-100.0,-100.0,-100.0,-100.0,-100.0,-100.0,-100.0,-100.0,-100.0,-100.0,-100.0,-100.0,-100.0,-100.0,22,-82.0,-81.0,-68.0,-68.0,-68.0,-67.0,-63.0,-73.0,-73.0,-74.0,-63.0,-93.0,-91.0,-90.0,-100.0,-100.0,-100.0,-100.0,-87.0,-88.0,-100.0,-100.0,-100.0,-100.0,-100.0,-100.0,542,432
-82.0,-80,-80,-81,-100.0,-100.0,-100.0,-88.0,-88.0,-87.0,-80.0,-79.0,-79.0,-80.0,-80.0,-81.0,-60.0,-63.0,-63.0,-80.0,-78.0,-100.0,-100.0,-100.0,-100.0,-100.0,-100.0,-100.0,-100.0,-100.0,-100.0,-100.0,-100.0,-100.0,-100.0,-100.0,22,-82.0,-81.0,-68.0,-68.0,-68.0,-67.0,-63.0,-73.0,-73.0,-74.0,-63.0,-93.0,-91.0,-90.0,-100.0,-100.0,-100.0,-100.0,-87.0,-88.0,-100.0,-100.0,-100.0,-100.0,-100.0,-100.0,542,451
-82.0,-80,-80,-81,-100.0,-100.0,-100.0,-88.0,-88.0,-87.0,-80.0,-79.0,-79.0,-80.0,-80.0,-81.0,-60.0,-63.0,-63.0,-80.0,-78.0,-100.0,-100.0,-100.0,-100.0,-100.0,-100.0,-100.0,-100.0,-100.0,-100.0,-100.0,-100.0,-100.0,-100.0,-100.0,22,-82.0,-81.0,-68.0,-68.0,-68.0,-67.0,-63.0,-73.0,-73.0,-74.0,-63.0,-93.0,-91.0,-90.0,-100.0,-100.0,-100.0,-100.0,-87.0,-88.0,-100.0,-100.0,-100.0,-100.0,-100.0,-100.0,542,451
-81.0,-80,-80,-81,-100.0,-100.0,-100.0,-89.0,-89.0,-87.0,-89.0,-82.0,-82.0,-80.0,-80.0,-80.0,-62.0,-64.0,-65.0,-82.0,-80.0,-100.0,-100.0,-100.0,-100.0,-100.0,-100.0,-100.0,-100.0,-100.0,-100.0,-100.0,-100.0,-100.0,-100.0,-100.0,23,-81.0,-81.0,-68.0,-68.0,-69.0,-69.0,-68.0,-74.0,-74.0,-74.0,-65.0,-91.0,-100.0,-90.0,-100.0,-100.0,-100.0,-100.0,-100.0,-100.0,-100.0,-100.0,-100.0,-100.0,-100.0,-100.0,542,451
-81.0,-80,-80,-80,-100.0,-100.0,-100.0,-88.0,-88.0,-87.0,-100.0,-82.0,-82.0,-80.0,-80.0,-80.0,-60.0,-63.0,-63.0,-81.0,-78.0,-100.0,-100.0,-100.0,-100.0,-100.0,-100.0,-100.0,-100.0,-100.0,-100.0,-100.0,-100.0,-100.0,-100.0,-100.0,23,-82.0,-82.0,-67.0,-68.0,-69.0,-70.0,-66.0,-73.0,-73.0,-74.0,-64.0,-92.0,-91.0,-90.0,-100.0,-100.0,-100.0,-100.0,-87.0,-88.0,-100.0,-100.0,-100.0,-100.0,-100.0,-100.0,542,451
-91.0,-85,-84,-85,-70.0,-70.0,-69.0,-65.0,-64.0,-64.0,-84.0,-83.0,-100.0,-100.0,-82.0,-83.0,-100.0,-100.0,-100.0,-100.0,-100.0,-100.0,-100.0,-100.0,-64.0,-63.0,-63.0,-66.0,-65.0,-65.0,-100.0,-100.0,-100.0,-90.0,-100.0,-100.0,23,-90.0,-100.0,-100.0,-100.0,-100.0,-100.0,-100.0,-100.0,-100.0,-100.0,-100.0,-100.0,-100.0,-100.0,-88.0,-88.0,-87.0,-84.0,-100.0,-100.0,-100.0,-100.0,-100.0,-100.0,-100.0,-100.0,542,451
-81.0,-80,-80,-81,-100.0,-100.0,-100.0,-89.0,-89.0,-87.0,-89.0,-82.0,-82.0,-80.0,-80.0,-80.0,-62.0,-64.0,-65.0,-82.0,-80.0,-100.0,-100.0,-100.0,-100.0,-100.0,-100.0,-100.0,-100.0,-100.0,-100.0,-100.0,-100.0,-100.0,-100.0,-100.0,23,-81.0,-81.0,-68.0,-68.0,-69.0,-69.0,-68.0,-74.0,-74.0,-74.0,-65.0,-91.0,-100.0,-90.0,-100.0,-100.0,-100.0,-100.0,-100.0,-100.0,-100.0,-100.0,-100.0,-100.0,-100.0,-100.0,542,451
-81.0,-80,-80,-81,-100.0,-100.0,-100.0,-89.0,-89.0,-87.0,-89.0,-82.0,-82.0,-80.0,-80.0,-80.0,-62.0,-64.0,-65.0,-82.0,-80.0,-100.0,-100.0,-100.0,-100.0,-100.0,-100.0,-100.0,-100.0,-100.0,-100.0,-100.0,-100.0,-100.0,-100.0,-100.0,24,-81.0,-81.0,-68.0,-68.0,-69.0,-69.0,-68.0,-74.0,-74.0,-74.0,-65.0,-91.0,-100.0,-90.0,-100.0,-100.0,-100.0,-100.0,-100.0,-100.0,-100.0,-100.0,-100.0,-100.0,-100.0,-100.0,542,469
-81.0,-80,-80,-80,-100.0,-100.0,-100.0,-100.0,-100.0,-100.0,-89.0,-83.0,-83.0,-78.0,-78.0,-77.0,-68.0,-66.0,-67.0,-82.0,-83.0,-100.0,-100.0,-100.0,-100.0,-100.0,-100.0,-100.0,-100.0,-100.0,-100.0,-100.0,-100.0,-100.0,-100.0,-100.0,24,-82.0,-81.0,-69.0,-70.0,-70.0,-70.0,-70.0,-77.0,-76.0,-76.0,-70.0,-91.0,-92.0,-90.0,-100.0,-100.0,-100.0,-100.0,-100.0,-100.0,-100.0,-100.0,-100.0,-100.0,-100.0,-100.0,542,469
-81.0,-80,-80,-80,-100.0,-100.0,-100.0,-100.0,-100.0,-100.0,-89.0,-83.0,-83.0,-78.0,-78.0,-77.0,-68.0,-66.0,-67.0,-82.0,-83.0,-100.0,-100.0,-100.0,-100.0,-100.0,-100.0,-100.0,-100.0,-100.0,-100.0,-100.0,-100.0,-100.0,-100.0,-100.0,24,-82.0,-81.0,-69.0,-70.0,-70.0,-70.0,-70.0,-77.0,-76.0,-76.0,-70.0,-91.0,-92.0,-90.0,-100.0,-100.0,-100.0,-100.0,-100.0,-100.0,-100.0,-100.0,-100.0,-100.0,-100.0,-100.0,542,469
-81.0,-80,-80,-80,-100.0,-100.0,-100.0,-100.0,-100.0,-100.0,-89.0,-83.0,-83.0,-78.0,-78.0,-77.0,-68.0,-66.0,-67.0,-82.0,-83.0,-100.0,-100.0,-100.0,-100.0,-100.0,-100.0,-100.0,-100.0,-100.0,-100.0,-100.0,-100.0,-100.0,-100.0,-100.0,24,-82.0,-81.0,-69.0,-70.0,-70.0,-70.0,-70.0,-77.0,-76.0,-76.0,-70.0,-91.0,-92.0,-90.0,-100.0,-100.0,-100.0,-100.0,-100.0,-100.0,-100.0,-100.0,-100.0,-100.0,-100.0,-100.0,542,469
-81.0,-80,-80,-80,-100.0,-100.0,-100.0,-100.0,-100.0,-100.0,-89.0,-83.0,-83.0,-78.0,-78.0,-77.0,-68.0,-66.0,-67.0,-82.0,-83.0,-100.0,-100.0,-100.0,-100.0,-100.0,-100.0,-100.0,-100.0,-100.0,-100.0,-100.0,-100.0,-100.0,-100.0,-100.0,25,-82.0,-81.0,-69.0,-70.0,-70.0,-70.0,-70.0,-77.0,-76.0,-76.0,-70.0,-91.0,-92.0,-90.0,-100.0,-100.0,-100.0,-100.0,-100.0,-100.0,-100.0,-100.0,-100.0,-100.0,-100.0,-100.0,542,469
-81.0,-80,-80,-80,-100.0,-100.0,-100.0,-100.0,-100.0,-100.0,-89.0,-83.0,-83.0,-78.0,-78.0,-77.0,-68.0,-66.0,-67.0,-82.0,-83.0,-100.0,-100.0,-100.0,-100.0,-100.0,-100.0,-100.0,-100.0,-100.0,-100.0,-100.0,-100.0,-100.0,-100.0,-100.0,25,-82.0,-81.0,-69.0,-70.0,-70.0,-70.0,-70.0,-77.0,-76.0,-76.0,-70.0,-91.0,-92.0,-90.0,-100.0,-100.0,-100.0,-100.0,-100.0,-100.0,-100.0,-100.0,-100.0,-100.0,-100.0,-100.0,542,469
-81.0,-80,-80,-80,-100.0,-100.0,-100.0,-100.0,-100.0,-100.0,-89.0,-83.0,-83.0,-78.0,-78.0,-77.0,-68.0,-66.0,-67.0,-82.0,-83.0,-100.0,-100.0,-100.0,-100.0,-100.0,-100.0,-100.0,-100.0,-100.0,-100.0,-100.0,-100.0,-100.0,-100.0,-100.0,25,-82.0,-81.0,-69.0,-70.0,-70.0,-70.0,-70.0,-77.0,-76.0,-76.0,-70.0,-91.0,-92.0,-90.0,-100.0,-100.0,-100.0,-100.0,-100.0,-100.0,-100.0,-100.0,-100.0,-100.0,-100.0,-100.0,542,488
-91.0,-85,-84,-85,-70.0,-70.0,-69.0,-65.0,-64.0,-64.0,-84.0,-83.0,-100.0,-100.0,-82.0,-83.0,-100.0,-100.0,-100.0,-100.0,-100.0,-100.0,-100.0,-100.0,-64.0,-63.0,-63.0,-66.0,-65.0,-65.0,-100.0,-100.0,-100.0,-90.0,-100.0,-100.0,25,-90.0,-100.0,-100.0,-100.0,-100.0,-100.0,-100.0,-100.0,-100.0,-100.0,-100.0,-100.0,-100.0,-100.0,-88.0,-88.0,-87.0,-84.0,-100.0,-100.0,-100.0,-100.0,-100.0,-100.0,-100.0,-100.0,542,488
-83.0,-80,-80,-81,-100.0,-100.0,-100.0,-100.0,-100.0,-100.0,-89.0,-82.0,-84.0,-77.0,-77.0,-77.0,-70.0,-71.0,-70.0,-81.0,-81.0,-100.0,-100.0,-100.0,-100.0,-100.0,-100.0,-100.0,-100.0,-100.0,-100.0,-100.0,-100.0,-100.0,-100.0,-100.0,26,-82.0,-81.0,-72.0,-71.0,-72.0,-71.0,-70.0,-78.0,-78.0,-77.0,-72.0,-91.0,-91.0,-90.0,-100.0,-100.0,-100.0,-100.0,-100.0,-100.0,-100.0,-100.0,-100.0,-100.0,-100.0,-100.0,542,488
-77.0,-75,-76,-75,-88.0,-100.0,-100.0,-84.0,-84.0,-83.0,-75.0,-76.0,-80.0,-72.0,-74.0,-73.0,-72.0,-74.0,-73.0,-82.0,-83.0,-100.0,-100.0,-100.0,-100.0,-100.0,-100.0,-100.0,-100.0,-100.0,-100.0,-100.0,-100.0,-100.0,-100.0,-100.0,26,-76.0,-75.0,-76.0,-77.0,-76.0,-78.0,-77.0,-80.0,-79.0,-79.0,-78.0,-82.0,-84.0,-84.0,-100.0,-100.0,-100.0,-100.0,-100.0,-100.0,-100.0,-100.0,-100.0,-100.0,-100.0,-100.0,542,488
-83.0,-80,-80,-81,-100.0,-100.0,-100.0,-100.0,-100.0,-100.0,-89.0,-82.0,-84.0,-77.0,-77.0,-77.0,-70.0,-71.0,-70.0,-81.0,-81.0,-100.0,-100.0,-100.0,-100.0,-100.0,-100.0,-100.0,-100.0,-100.0,-100.0,-100.0,-100.0,-100.0,-100.0,-100.0,26,-82.0,-81.0,-72.0,-71.0,-72.0,-71.0,-70.0,-78.0,-78.0,-77.0,-72.0,-91.0,-91.0,-90.0,-100.0,-100.0,-100.0,-100.0,-100.0,-100.0,-100.0,-100.0,-100.0,-100.0,-100.0,-100.0,542,488
-83.0,-80,-80,-81,-100.0,-100.0,-100.0,-100.0,-100.0,-100.0,-89.0,-82.0,-84.0,-77.0,-77.0,-77.0,-70.0,-71.0,-70.0,-81.0,-81.0,-100.0,-100.0,-100.0,-100.0,-100.0,-100.0,-100.0,-100.0,-100.0,-100.0,-100.0,-100.0,-100.0,-100.0,-100.0,26,-82.0,-81.0,-72.0,-71.0,-72.0,-71.0,-70.0,-78.0,-78.0,-77.0,-72.0,-91.0,-91.0,-90.0,-100.0,-100.0,-100.0,-100.0,-100.0,-100.0,-100.0,-100.0,-100.0,-100.0,-100.0,-100.0,542,488
-77.0,-75,-76,-75,-88.0,-100.0,-100.0,-84.0,-84.0,-83.0,-75.0,-76.0,-80.0,-72.0,-74.0,-73.0,-72.0,-74.0,-73.0,-82.0,-83.0,-100.0,-100.0,-100.0,-100.0,-100.0,-100.0,-100.0,-100.0,-100.0,-100.0,-100.0,-100.0,-100.0,-100.0,-100.0,27,-76.0,-75.0,-76.0,-77.0,-76.0,-78.0,-77.0,-80.0,-79.0,-79.0,-78.0,-82.0,-84.0,-84.0,-100.0,-100.0,-100.0,-100.0,-100.0,-100.0,-100.0,-100.0,-100.0,-100.0,-100.0,-100.0,542,507
-75.0,-73,-73,-72,-88.0,-100.0,-100.0,-84.0,-84.0,-83.0,-77.0,-78.0,-77.0,-71.0,-73.0,-73.0,-76.0,-77.0,-76.0,-86.0,-86.0,-100.0,-100.0,-100.0,-100.0,-100.0,-100.0,-100.0,-100.0,-100.0,-100.0,-100.0,-100.0,-100.0,-100.0,-100.0,27,-74.0,-74.0,-79.0,-80.0,-79.0,-82.0,-82.0,-82.0,-81.0,-82.0,-82.0,-78.0,-78.0,-78.0,-100.0,-100.0,-100.0,-100.0,-100.0,-100.0,-100.0,-100.0,-100.0,-100.0,-100.0,-100.0,542,507
-75.0,-73,-73,-72,-88.0,-100.0,-100.0,-84.0,-84.0,-83.0,-77.0,-78.0,-77.0,-71.0,-73.0,-73.0,-76.0,-77.0,-76.0,-86.0,-86.0,-100.0,-100.0,-100.0,-100.0,-100.0,-100.0,-100.0,-100.0,-100.0,-100.0,-100.0,-100.0,-100.0,-100.0,-100.0,27,-74.0,-74.0,-79.0,-80.0,-79.0,-82.0,-82.0,-82.0,-81.0,-82.0,-82.0,-78.0,-78.0,-78.0,-100.0,-100.0,-100.0,-100.0,-100.0,-100.0,-100.0,-100.0,-100.0,-100.0,-100.0,-100.0,542,507
-91.0,-85,-84,-85,-70.0,-70.0,-69.0,-65.0,-64.0,-64.0,-84.0,-83.0,-100.0,-100.0,-82.0,-83.0,-100.0,-100.0,-100.0,-100.0,-100.0,-100.0,-100.0,-100.0,-64.0,-63.0,-63.0,-66.0,-65.0,-65.0,-100.0,-100.0,-100.0,-90.0,-100.0,-100.0,27,-90.0,-100.0,-100.0,-100.0,-100.0,-100.0,-100.0,-100.0,-100.0,-100.0,-100.0,-100.0,-100.0,-100.0,-88.0,-88.0,-87.0,-84.0,-100.0,-100.0,-100.0,-100.0,-100.0,-100.0,-100.0,-100.0,542,507
-73.0,-76,-75,-75,-100.0,-100.0,-90.0,-88.0,-89.0,-88.0,-79.0,-80.0,-80.0,-68.0,-72.0,-71.0,-75.0,-76.0,-75.0,-85.0,-84.0,-100.0,-100.0,-100.0,-100.0,-100.0,-100.0,-100.0,-93.0,-92.0,-100.0,-100.0,-100.0,-100.0,-100.0,-100.0,28,-71.0,-74.0,-81.0,-79.0,-80.0,-81.0,-81.0,-86.0,-86.0,-86.0,-81.0,-84.0,-85.0,-84.0,-100.0,-100.0,-100.0,-100.0,-100.0,-100.0,-100.0,-100.0,-100.0,-100.0,-100.0,-100.0,542,507
-75.0,-73,-73,-72,-88.0,-100.0,-100.0,-84.0,-84.0,-83.0,-77.0,-78.0,-77.0,-71.0,-73.0,-73.0,-76.0,-77.0,-76.0,-86.0,-86.0,-100.0,-100.0,-100.0,-100.0,-100.0,-100.0,-100.0,-100.0,-100.0,-100.0,-100.0,-100.0,-100.0,-100.0,-100.0,28,-74.0,-74.0,-79.0,-80.0,-79.0,-82.0,-82.0,-82.0,-81.0,-82.0,-82.0,-78.0,-78.0,-78.0,-100.0,-100.0,-100.0,-100.0,-100.0,-100.0,-100.0,-100.0,-100.0,-100.0,-100.0,-100.0,542,507
-73.0,-76,-75,-75,-100.0,-100.0,-90.0,-88.0,-89.0,-88.0,-79.0,-80.0,-80.0,-68.0,-72.0,-71.0,-75.0,-76.0,-75.0,-85.0,-84.0,-100.0,-100.0,-100.0,-100.0,-100.0,-100.0,-100.0,-93.0,-92.0,-100.0,-100.0,-100.0,-100.0,-100.0,-100.0,28,-71.0,-74.0,-81.0,-79.0,-80.0,-81.0,-81.0,-86.0,-86.0,-86.0,-81.0,-84.0,-85.0,-84.0,-100.0,-100.0,-100.0,-100.0,-100.0,-100.0,-100.0,-100.0,-100.0,-100.0,-100.0,-100.0,542,507
-73.0,-76,-75,-75,-100.0,-100.0,-90.0,-88.0,-89.0,-88.0,-79.0,-80.0,-80.0,-68.0,-72.0,-71.0,-75.0,-76.0,-75.0,-85.0,-84.0,-100.0,-100.0,-100.0,-100.0,-100.0,-100.0,-100.0,-93.0,-92.0,-100.0,-100.0,-100.0,-100.0,-100.0,-100.0,28,-71.0,-74.0,-81.0,-79.0,-80.0,-81.0,-81.0,-86.0,-86.0,-86.0,-81.0,-84.0,-85.0,-84.0,-100.0,-100.0,-100.0,-100.0,-100.0,-100.0,-100.0,-100.0,-100.0,-100.0,-100.0,-100.0,542,526
-75.0,-75,-76,-76,-100.0,-100.0,-100.0,-90.0,-90.0,-89.0,-79.0,-80.0,-78.0,-70.0,-70.0,-70.0,-78.0,-79.0,-79.0,-87.0,-87.0,-100.0,-100.0,-100.0,-100.0,-100.0,-100.0,-100.0,-93.0,-92.0,-100.0,-100.0,-100.0,-100.0,-100.0,-100.0,29,-75.0,-74.0,-81.0,-83.0,-81.0,-85.0,-84.0,-86.0,-86.0,-86.0,-81.0,-85.0,-85.0,-83.0,-100.0,-100.0,-100.0,-100.0,-100.0,-100.0,-100.0,-100.0,-100.0,-100.0,-100.0,-100.0,542,526
-75.0,-75,-76,-76,-100.0,-100.0,-100.0,-90.0,-90.0,-89.0,-79.0,-80.0,-78.0,-70.0,-70.0,-70.0,-78.0,-79.0,-79.0,-87.0,-87.0,-100.0,-100.0,-100.0,-100.0,-100.0,-100.0,-100.0,-93.0,-92.0,-100.0,-100.0,-100.0,-100.0,-100.0,-100.0,29,-75.0,-74.0,-81.0,-83.0,-81.0,-85.0,-84.0,-86.0,-86.0,-86.0,-81.0,-85.0,-85.0,-83.0,-100.0,-100.0,-100.0,-100.0,-100.0,-100.0,-100.0,-100.0,-100.0,-100.0,-100.0,-100.0,542,526
-73.0,-75,-75,-75,-100.0,-92.0,-100.0,-90.0,-90.0,-90.0,-77.0,-77.0,-76.0,-72.0,-71.0,-71.0,-83.0,-84.0,-84.0,-86.0,-86.0,-100.0,-100.0,-100.0,-100.0,-100.0,-100.0,-100.0,-100.0,-100.0,-100.0,-100.0,-100.0,-100.0,-100.0,-100.0,29,-73.0,-73.0,-81.0,-83.0,-82.0,-84.0,-86.0,-87.0,-87.0,-88.0,-82.0,-85.0,-85.0,-84.0,-100.0,-100.0,-100.0,-100.0,-100.0,-100.0,-100.0,-100.0,-100.0,-100.0,-100.0,-100.0,542,526
-73.0,-75,-75,-75,-100.0,-92.0,-100.0,-90.0,-90.0,-90.0,-77.0,-77.0,-76.0,-72.0,-71.0,-71.0,-83.0,-84.0,-84.0,-86.0,-86.0,-100.0,-100.0,-100.0,-100.0,-100.0,-100.0,-100.0,-100.0,-100.0,-100.0,-100.0,-100.0,-100.0,-100.0,-100.0,29,-73.0,-73.0,-81.0,-83.0,-82.0,-84.0,-86.0,-87.0,-87.0,-88.0,-82.0,-85.0,-85.0,-84.0,-100.0,-100.0,-100.0,-100.0,-100.0,-100.0,-100.0,-100.0,-100.0,-100.0,-100.0,-100.0,542,526
-73.0,-75,-74,-74,-100.0,-92.0,-100.0,-89.0,-89.0,-88.0,-75.0,-74.0,-75.0,-72.0,-70.0,-70.0,-83.0,-84.0,-84.0,-86.0,-86.0,-100.0,-100.0,-100.0,-100.0,-100.0,-100.0,-100.0,-100.0,-100.0,-100.0,-100.0,-100.0,-100.0,-100.0,-100.0,30,-72.0,-73.0,-81.0,-82.0,-82.0,-82.0,-84.0,-88.0,-88.0,-88.0,-81.0,-85.0,-86.0,-85.0,-100.0,-100.0,-100.0,-100.0,-100.0,-100.0,-100.0,-100.0,-100.0,-100.0,-100.0,-100.0,542,526
-73.0,-75,-75,-75,-100.0,-92.0,-100.0,-90.0,-90.0,-90.0,-77.0,-77.0,-76.0,-72.0,-71.0,-71.0,-83.0,-84.0,-84.0,-86.0,-86.0,-100.0,-100.0,-100.0,-100.0,-100.0,-100.0,-100.0,-100.0,-100.0,-100.0,-100.0,-100.0,-100.0,-100.0,-100.0,30,-73.0,-73.0,-81.0,-83.0,-82.0,-84.0,-86.0,-87.0,-87.0,-88.0,-82.0,-85.0,-85.0,-84.0,-100.0,-100.0,-100.0,-100.0,-100.0,-100.0,-100.0,-100.0,-100.0,-100.0,-100.0,-100.0,542,526
-73.0,-75,-74,-74,-100.0,-92.0,-100.0,-89.0,-89.0,-88.0,-75.0,-74.0,-75.0,-72.0,-70.0,-70.0,-83.0,-84.0,-84.0,-86.0,-86.0,-100.0,-100.0,-100.0,-100.0,-100.0,-100.0,-100.0,-100.0,-100.0,-100.0,-100.0,-100.0,-100.0,-100.0,-100.0,30,-72.0,-73.0,-81.0,-82.0,-82.0,-82.0,-84.0,-88.0,-88.0,-88.0,-81.0,-85.0,-86.0,-85.0,-100.0,-100.0,-100.0,-100.0,-100.0,-100.0,-100.0,-100.0,-100.0,-100.0,-100.0,-100.0,523,545
-73.0,-75,-74,-74,-100.0,-92.0,-100.0,-89.0,-89.0,-88.0,-75.0,-74.0,-75.0,-72.0,-70.0,-70.0,-83.0,-84.0,-84.0,-86.0,-86.0,-100.0,-100.0,-100.0,-100.0,-100.0,-100.0,-100.0,-100.0,-100.0,-100.0,-100.0,-100.0,-100.0,-100.0,-100.0,30,-72.0,-73.0,-81.0,-82.0,-82.0,-82.0,-84.0,-88.0,-88.0,-88.0,-81.0,-85.0,-86.0,-85.0,-100.0,-100.0,-100.0,-100.0,-100.0,-100.0,-100.0,-100.0,-100.0,-100.0,-100.0,-100.0,523,545
-71.0,-73,-72,-72,-100.0,-92.0,-100.0,-87.0,-87.0,-86.0,-75.0,-74.0,-74.0,-70.0,-70.0,-71.0,-84.0,-85.0,-84.0,-86.0,-85.0,-100.0,-100.0,-100.0,-100.0,-100.0,-100.0,-100.0,-100.0,-100.0,-100.0,-100.0,-100.0,-100.0,-100.0,-100.0,31,-71.0,-75.0,-81.0,-82.0,-81.0,-82.0,-84.0,-88.0,-88.0,-88.0,-82.0,-81.0,-82.0,-80.0,-100.0,-100.0,-100.0,-100.0,-100.0,-100.0,-100.0,-100.0,-100.0,-100.0,-100.0,-100.0,523,545
-73.0,-75,-74,-74,-100.0,-92.0,-100.0,-89.0,-89.0,-88.0,-75.0,-74.0,-75.0,-72.0,-70.0,-70.0,-83.0,-84.0,-84.0,-86.0,-86.0,-100.0,-100.0,-100.0,-100.0,-100.0,-100.0,-100.0,-100.0,-100.0,-100.0,-100.0,-100.0,-100.0,-100.0,-100.0,31,-72.0,-73.0,-81.0,-82.0,-82.0,-82.0,-84.0,-88.0,-88.0,-88.0,-81.0,-85.0,-86.0,-85.0,-100.0,-100.0,-100.0,-100.0,-100.0,-100.0,-100.0,-100.0,-100.0,-100.0,-100.0,-100.0,523,545
-71.0,-73,-72,-72,-100.0,-92.0,-100.0,-87.0,-87.0,-86.0,-75.0,-74.0,-74.0,-70.0,-70.0,-71.0,-84.0,-85.0,-84.0,-86.0,-85.0,-100.0,-100.0,-100.0,-100.0,-100.0,-100.0,-100.0,-100.0,-100.0,-100.0,-100.0,-100.0,-100.0,-100.0,-100.0,31,-71.0,-75.0,-81.0,-82.0,-81.0,-82.0,-84.0,-88.0,-88.0,-88.0,-82.0,-81.0,-82.0,-80.0,-100.0,-100.0,-100.0,-100.0,-100.0,-100.0,-100.0,-100.0,-100.0,-100.0,-100.0,-100.0,523,545
-71.0,-73,-72,-72,-100.0,-92.0,-100.0,-87.0,-87.0,-86.0,-75.0,-74.0,-74.0,-70.0,-70.0,-71.0,-84.0,-85.0,-84.0,-86.0,-85.0,-100.0,-100.0,-100.0,-100.0,-100.0,-100.0,-100.0,-100.0,-100.0,-100.0,-100.0,-100.0,-100.0,-100.0,-100.0,31,-71.0,-75.0,-81.0,-82.0,-81.0,-82.0,-84.0,-88.0,-88.0,-88.0,-82.0,-81.0,-82.0,-80.0,-100.0,-100.0,-100.0,-100.0,-100.0,-100.0,-100.0,-100.0,-100.0,-100.0,-100.0,-100.0,523,545
-77.0,-78,-79,-78,-66.0,-67.0,-65.0,-65.0,-66.0,-64.0,-72.0,-72.0,-61.0,-69.0,-71.0,-72.0,-85.0,-84.0,-83.0,-89.0,-87.0,-100.0,-100.0,-100.0,-68.0,-67.0,-68.0,-75.0,-75.0,-75.0,-100.0,-100.0,-100.0,-90.0,-92.0,-90.0,32,-71.0,-70.0,-100.0,-100.0,-100.0,-100.0,-100.0,-100.0,-100.0,-100.0,-100.0,-100.0,-100.0,-100.0,-100.0,-100.0,-100.0,-100.0,-100.0,-100.0,-100.0,-100.0,-100.0,-100.0,-100.0,-100.0,504,563
-71.0,-73,-72,-72,-100.0,-92.0,-100.0,-87.0,-87.0,-86.0,-75.0,-74.0,-74.0,-70.0,-70.0,-71.0,-84.0,-85.0,-84.0,-86.0,-85.0,-100.0,-100.0,-100.0,-100.0,-100.0,-100.0,-100.0,-100.0,-100.0,-100.0,-100.0,-100.0,-100.0,-100.0,-100.0,32,-71.0,-75.0,-81.0,-82.0,-81.0,-82.0,-84.0,-88.0,-88.0,-88.0,-82.0,-81.0,-82.0,-80.0,-100.0,-100.0,-100.0,-100.0,-100.0,-100.0,-100.0,-100.0,-100.0,-100.0,-100.0,-100.0,504,563
-71.0,-73,-72,-72,-100.0,-92.0,-100.0,-87.0,-87.0,-86.0,-75.0,-74.0,-74.0,-70.0,-70.0,-71.0,-84.0,-85.0,-84.0,-86.0,-85.0,-100.0,-100.0,-100.0,-100.0,-100.0,-100.0,-100.0,-100.0,-100.0,-100.0,-100.0,-100.0,-100.0,-100.0,-100.0,32,-71.0,-75.0,-81.0,-82.0,-81.0,-82.0,-84.0,-88.0,-88.0,-88.0,-82.0,-81.0,-82.0,-80.0,-100.0,-100.0,-100.0,-100.0,-100.0,-100.0,-100.0,-100.0,-100.0,-100.0,-100.0,-100.0,504,563
-71.0,-73,-72,-72,-100.0,-92.0,-100.0,-87.0,-87.0,-86.0,-75.0,-74.0,-74.0,-70.0,-70.0,-71.0,-84.0,-85.0,-84.0,-86.0,-85.0,-100.0,-100.0,-100.0,-100.0,-100.0,-100.0,-100.0,-100.0,-100.0,-100.0,-100.0,-100.0,-100.0,-100.0,-100.0,32,-71.0,-75.0,-81.0,-82.0,-81.0,-82.0,-84.0,-88.0,-88.0,-88.0,-82.0,-81.0,-82.0,-80.0,-100.0,-100.0,-100.0,-100.0,-100.0,-100.0,-100.0,-100.0,-100.0,-100.0,-100.0,-100.0,504,563
-69.0,-73,-71,-72,-100.0,-92.0,-100.0,-86.0,-86.0,-86.0,-75.0,-74.0,-74.0,-70.0,-70.0,-71.0,-86.0,-86.0,-85.0,-85.0,-86.0,-100.0,-100.0,-100.0,-100.0,-100.0,-100.0,-100.0,-100.0,-100.0,-100.0,-100.0,-100.0,-100.0,-100.0,-100.0,33,-69.0,-71.0,-84.0,-82.0,-82.0,-84.0,-84.0,-90.0,-90.0,-90.0,-84.0,-100.0,-100.0,-100.0,-100.0,-100.0,-100.0,-100.0,-100.0,-100.0,-100.0,-100.0,-100.0,-100.0,-100.0,-100.0,504,563
-69.0,-73,-71,-72,-100.0,-92.0,-100.0,-86.0,-86.0,-86.0,-75.0,-74.0,-74.0,-70.0,-70.0,-71.0,-86.0,-86.0,-85.0,-85.0,-86.0,-100.0,-100.0,-100.0,-100.0,-100.0,-100.0,-100.0,-100.0,-100.0,-100.0,-100.0,-100.0,-100.0,-100.0,-100.0,33,-69.0,-71.0,-84.0,-82.0,-82.0,-84.0,-84.0,-90.0,-90.0,-90.0,-84.0,-100.0,-100.0,-100.0,-100.0,-100.0,-100.0,-100.0,-100.0,-100.0,-100.0,-100.0,-100.0,-100.0,-100.0,-100.0,504,563
-71.0,-73,-72,-72,-100.0,-92.0,-100.0,-87.0,-87.0,-86.0,-75.0,-74.0,-74.0,-70.0,-70.0,-71.0,-84.0,-85.0,-84.0,-86.0,-85.0,-100.0,-100.0,-100.0,-100.0,-100.0,-100.0,-100.0,-100.0,-100.0,-100.0,-100.0,-100.0,-100.0,-100.0,-100.0,33,-71.0,-75.0,-81.0,-82.0,-81.0,-82.0,-84.0,-88.0,-88.0,-88.0,-82.0,-81.0,-82.0,-80.0,-100.0,-100.0,-100.0,-100.0,-100.0,-100.0,-100.0,-100.0,-100.0,-100.0,-100.0,-100.0,485,582
-66.0,-68,-68,-69,-100.0,-100.0,-100.0,-86.0,-86.0,-85.0,-73.0,-72.0,-72.0,-70.0,-70.0,-70.0,-88.0,-88.0,-87.0,-87.0,-88.0,-100.0,-100.0,-100.0,-88.0,-91.0,-91.0,-100.0,-100.0,-100.0,-100.0,-100.0,-100.0,-100.0,-100.0,-100.0,33,-67.0,-68.0,-85.0,-84.0,-85.0,-84.0,-84.0,-90.0,-90.0,-90.0,-84.0,-100.0,-100.0,-100.0,-100.0,-100.0,-100.0,-100.0,-100.0,-100.0,-100.0,-100.0,-100.0,-100.0,-100.0,-100.0,485,582
-66.0,-68,-68,-69,-100.0,-100.0,-100.0,-86.0,-86.0,-85.0,-73.0,-72.0,-72.0,-70.0,-70.0,-70.0,-88.0,-88.0,-87.0,-87.0,-88.0,-100.0,-100.0,-100.0,-88.0,-91.0,-91.0,-100.0,-100.0,-100.0,-100.0,-100.0,-100.0,-100.0,-100.0,-100.0,34,-67.0,-68.0,-85.0,-84.0,-85.0,-84.0,-84.0,-90.0,-90.0,-90.0,-84.0,-100.0,-100.0,-100.0,-100.0,-100.0,-100.0,-100.0,-100.0,-100.0,-100.0,-100.0,-100.0,-100.0,-100.0,-100.0,485,582
-77.0,-78,-79,-78,-66.0,-67.0,-65.0,-65.0,-66.0,-64.0,-72.0,-72.0,-61.0,-69.0,-71.0,-72.0,-85.0,-84.0,-83.0,-89.0,-87.0,-100.0,-100.0,-100.0,-68.0,-67.0,-68.0,-75.0,-75.0,-75.0,-100.0,-100.0,-100.0,-90.0,-92.0,-90.0,34,-71.0,-70.0,-100.0,-100.0,-100.0,-100.0,-100.0,-100.0,-100.0,-100.0,-100.0,-100.0,-100.0,-100.0,-100.0,-100.0,-100.0,-100.0,-100.0,-100.0,-100.0,-100.0,-100.0,-100.0,-100.0,-100.0,485,582
-66.0,-68,-68,-69,-100.0,-100.0,-100.0,-86.0,-86.0,-85.0,-73.0,-72.0,-72.0,-70.0,-70.0,-70.0,-88.0,-88.0,-87.0,-87.0,-88.0,-100.0,-100.0,-100.0,-88.0,-91.0,-91.0,-100.0,-100.0,-100.0,-100.0,-100.0,-100.0,-100.0,-100.0,-100.0,34,-67.0,-68.0,-85.0,-84.0,-85.0,-84.0,-84.0,-90.0,-90.0,-90.0,-84.0,-100.0,-100.0,-100.0,-100.0,-100.0,-100.0,-100.0,-100.0,-100.0,-100.0,-100.0,-100.0,-100.0,-100.0,-100.0,485,582
-66.0,-68,-68,-69,-100.0,-100.0,-100.0,-86.0,-86.0,-85.0,-73.0,-72.0,-72.0,-70.0,-70.0,-70.0,-88.0,-88.0,-87.0,-87.0,-88.0,-100.0,-100.0,-100.0,-88.0,-91.0,-91.0,-100.0,-100.0,-100.0,-100.0,-100.0,-100.0,-100.0,-100.0,-100.0,34,-67.0,-68.0,-85.0,-84.0,-85.0,-84.0,-84.0,-90.0,-90.0,-90.0,-84.0,-100.0,-100.0,-100.0,-100.0,-100.0,-100.0,-100.0,-100.0,-100.0,-100.0,-100.0,-100.0,-100.0,-100.0,-100.0,485,582
-59.0,-57,-60,-60,-83.0,-100.0,-100.0,-84.0,-84.0,-83.0,-67.0,-67.0,-65.0,-65.0,-64.0,-65.0,-88.0,-87.0,-87.0,-87.0,-88.0,-100.0,-100.0,-100.0,-88.0,-91.0,-88.0,-92.0,-91.0,-92.0,-100.0,-100.0,-100.0,-100.0,-100.0,-100.0,35,-59.0,-59.0,-87.0,-89.0,-87.0,-88.0,-85.0,-100.0,-100.0,-100.0,-100.0,-100.0,-100.0,-100.0,-100.0,-100.0,-100.0,-100.0,-100.0,-100.0,-100.0,-100.0,-100.0,-100.0,-100.0,-100.0,466,601
-60.0,-58,-59,-60,-85.0,-100.0,-100.0,-86.0,-86.0,-85.0,-71.0,-71.0,-71.0,-69.0,-68.0,-69.0,-88.0,-87.0,-87.0,-87.0,-88.0,-100.0,-100.0,-100.0,-88.0,-91.0,-91.0,-90.0,-90.0,-90.0,-100.0,-100.0,-100.0,-100.0,-100.0,-100.0,35,-59.0,-61.0,-87.0,-89.0,-87.0,-86.0,-85.0,-90.0,-89.0,-90.0,-100.0,-100.0,-100.0,-100.0,-100.0,-100.0,-100.0,-100.0,-100.0,-100.0,-100.0,-100.0,-100.0,-100.0,-100.0,-100.0,466,601
-66.0,-68,-68,-69,-100.0,-100.0,-100.0,-86.0,-86.0,-85.0,-73.0,-72.0,-72.0,-70.0,-70.0,-70.0,-88.0,-88.0,-87.0,-87.0,-88.0,-100.0,-100.0,-100.0,-88.0,-91.0,-91.0,-100.0,-100.0,-100.0,-100.0,-100.0,-100.0,-100.0,-100.0,-100.0,35,-67.0,-68.0,-85.0,-84.0,-85.0,-84.0,-84.0,-90.0,-90.0,-90.0,-84.0,-100.0,-100.0,-100.0,-100.0,-100.0,-100.0,-100.0,-100.0,-100.0,-100.0,-100.0,-100.0,-100.0,-100.0,-100.0,466,601
-60.0,-58,-59,-60,-85.0,-100.0,-100.0,-86.0,-86.0,-85.0,-71.0,-71.0,-71.0,-69.0,-68.0,-69.0,-88.0,-87.0,-87.0,-87.0,-88.0,-100.0,-100.0,-100.0,-88.0,-91.0,-91.0,-90.0,-90.0,-90.0,-100.0,-100.0,-100.0,-100.0,-100.0,-100.0,35,-59.0,-61.0,-87.0,-89.0,-87.0,-86.0,-85.0,-90.0,-89.0,-90.0,-100.0,-100.0,-100.0,-100.0,-100.0,-100.0,-100.0,-100.0,-100.0,-100.0,-100.0,-100.0,-100.0,-100.0,-100.0,-100.0,466,601
-59.0,-57,-60,-60,-83.0,-100.0,-100.0,-84.0,-84.0,-83.0,-67.0,-67.0,-65.0,-65.0,-64.0,-65.0,-88.0,-87.0,-87.0,-87.0,-88.0,-100.0,-100.0,-100.0,-88.0,-91.0,-88.0,-92.0,-91.0,-92.0,-100.0,-100.0,-100.0,-100.0,-100.0,-100.0,36,-59.0,-59.0,-87.0,-89.0,-87.0,-88.0,-85.0,-100.0,-100.0,-100.0,-100.0,-100.0,-100.0,-100.0,-100.0,-100.0,-100.0,-100.0,-100.0,-100.0,-100.0,-100.0,-100.0,-100.0,-100.0,-100.0,466,601
-59.0,-57,-60,-60,-83.0,-100.0,-100.0,-84.0,-84.0,-83.0,-67.0,-67.0,-65.0,-65.0,-64.0,-65.0,-88.0,-87.0,-87.0,-87.0,-88.0,-100.0,-100.0,-100.0,-88.0,-91.0,-88.0,-92.0,-91.0,-92.0,-100.0,-100.0,-100.0,-100.0,-100.0,-100.0,36,-59.0,-59.0,-87.0,-89.0,-87.0,-88.0,-85.0,-100.0,-100.0,-100.0,-100.0,-100.0,-100.0,-100.0,-100.0,-100.0,-100.0,-100.0,-100.0,-100.0,-100.0,-100.0,-100.0,-100.0,-100.0,-100.0,466,601
-77.0,-78,-79,-78,-66.0,-67.0,-65.0,-65.0,-66.0,-64.0,-72.0,-72.0,-61.0,-69.0,-71.0,-72.0,-85.0,-84.0,-83.0,-89.0,-87.0,-100.0,-100.0,-100.0,-68.0,-67.0,-68.0,-75.0,-75.0,-75.0,-100.0,-100.0,-100.0,-90.0,-92.0,-90.0,36,-71.0,-70.0,-100.0,-100.0,-100.0,-100.0,-100.0,-100.0,-100.0,-100.0,-100.0,-100.0,-100.0,-100.0,-100.0,-100.0,-100.0,-100.0,-100.0,-100.0,-100.0,-100.0,-100.0,-100.0,-100.0,-100.0,466,601
-87.0,-85,-85,-86,-70.0,-70.0,-69.0,-65.0,-66.0,-65.0,-84.0,-88.0,-88.0,-83.0,-82.0,-83.0,-92.0,-92.0,-90.0,-89.0,-87.0,-86.0,-86.0,-86.0,-72.0,-71.0,-72.0,-74.0,-75.0,-75.0,-85.0,-85.0,-84.0,-89.0,-88.0,-88.0,36,-100.0,-100.0,-100.0,-100.0,-100.0,-100.0,-100.0,-100.0,-100.0,-100.0,-100.0,-100.0,-100.0,-100.0,-100.0,-100.0,-100.0,-100.0,-100.0,-100.0,-100.0,-100.0,-100.0,-100.0,-100.0,-100.0,466,601
